scale,year,count
PHQ-9,2000,0
PHQ-9,2001,1
PHQ-9,2002,1
PHQ-9,2003,3
PHQ-9,2004,12
PHQ-9,2005,18
PHQ-9,2006,18
PHQ-9,2007,46
PHQ-9,2008,59
PHQ-9,2009,94
PHQ-9,2010,112
PHQ-9,2011,164
PHQ-9,2012,234
PHQ-9,2013,311
PHQ-9,2014,389
PHQ-9,2015,419
PHQ-9,2016,481
PHQ-9,2017,592
PHQ-9,2018,692
PHQ-9,2019,798
PHQ-9,2020,1176
PHQ-9,2021,1704
PHQ-9,2022,1952
PHQ-9,2023,1884
PHQ-9,2024,2048
PHQ-9,2025,2591
GAD-7,2000,0
GAD-7,2001,0
GAD-7,2002,0
GAD-7,2003,0
GAD-7,2004,0
GAD-7,2005,0
GAD-7,2006,3
GAD-7,2007,2
GAD-7,2008,3
GAD-7,2009,5
GAD-7,2010,13
GAD-7,2011,14
GAD-7,2012,33
GAD-7,2013,35
GAD-7,2014,68
GAD-7,2015,78
GAD-7,2016,108
GAD-7,2017,146
GAD-7,2018,160
GAD-7,2019,230
GAD-7,2020,464
GAD-7,2021,862
GAD-7,2022,995
GAD-7,2023,892
GAD-7,2024,962
GAD-7,2025,1270
DASS-21,2000,0
DASS-21,2001,0
DASS-21,2002,0
DASS-21,2003,0
DASS-21,2004,2
DASS-21,2005,1
DASS-21,2006,3
DASS-21,2007,8
DASS-21,2008,10
DASS-21,2009,16
DASS-21,2010,17
DASS-21,2011,16
DASS-21,2012,19
DASS-21,2013,44
DASS-21,2014,53
DASS-21,2015,54
DASS-21,2016,74
DASS-21,2017,87
DASS-21,2018,107
DASS-21,2019,128
DASS-21,2020,268
DASS-21,2021,489
DASS-21,2022,535
DASS-21,2023,465
DASS-21,2024,504
DASS-21,2025,653
SCL-90-R,2000,41
SCL-90-R,2001,48
SCL-90-R,2002,48
SCL-90-R,2003,54
SCL-90-R,2004,43
SCL-90-R,2005,67
SCL-90-R,2006,89
SCL-90-R,2007,87
SCL-90-R,2008,91
SCL-90-R,2009,91
SCL-90-R,2010,106
SCL-90-R,2011,127
SCL-90-R,2012,117
SCL-90-R,2013,117
SCL-90-R,2014,112
SCL-90-R,2015,133
SCL-90-R,2016,98
SCL-90-R,2017,125
SCL-90-R,2018,113
SCL-90-R,2019,96
SCL-90-R,2020,92
SCL-90-R,2021,119
SCL-90-R,2022,110
SCL-90-R,2023,83
SCL-90-R,2024,81
SCL-90-R,2025,113
PCL-5,2000,2
PCL-5,2001,1
PCL-5,2002,4
PCL-5,2003,1
PCL-5,2004,3
PCL-5,2005,2
PCL-5,2006,1
PCL-5,2007,1
PCL-5,2008,4
PCL-5,2009,3
PCL-5,2010,3
PCL-5,2011,2
PCL-5,2012,6
PCL-5,2013,5
PCL-5,2014,8
PCL-5,2015,15
PCL-5,2016,17
PCL-5,2017,29
PCL-5,2018,51
PCL-5,2019,67
PCL-5,2020,105
PCL-5,2021,183
PCL-5,2022,215
PCL-5,2023,214
PCL-5,2024,224
PCL-5,2025,334
OQ-45,2000,0
OQ-45,2001,0
OQ-45,2002,1
OQ-45,2003,1
OQ-45,2004,1
OQ-45,2005,2
OQ-45,2006,1
OQ-45,2007,0
OQ-45,2008,4
OQ-45,2009,5
OQ-45,2010,12
OQ-45,2011,11
OQ-45,2012,8
OQ-45,2013,9
OQ-45,2014,23
OQ-45,2015,26
OQ-45,2016,24
OQ-45,2017,28
OQ-45,2018,23
OQ-45,2019,21
OQ-45,2020,17
OQ-45,2021,16
OQ-45,2022,18
OQ-45,2023,23
OQ-45,2024,24
OQ-45,2025,18
K10,2000,40
K10,2001,35
K10,2002,24
K10,2003,36
K10,2004,45
K10,2005,46
K10,2006,54
K10,2007,48
K10,2008,63
K10,2009,84
K10,2010,92
K10,2011,100
K10,2012,91
K10,2013,99
K10,2014,134
K10,2015,120
K10,2016,111
K10,2017,116
K10,2018,132
K10,2019,127
K10,2020,216
K10,2021,249
K10,2022,255
K10,2023,230
K10,2024,219
K10,2025,297
SDS,2000,3
SDS,2001,8
SDS,2002,9
SDS,2003,10
SDS,2004,14
SDS,2005,15
SDS,2006,19
SDS,2007,25
SDS,2008,36
SDS,2009,36
SDS,2010,27
SDS,2011,43
SDS,2012,40
SDS,2013,46
SDS,2014,50
SDS,2015,50
SDS,2016,57
SDS,2017,52
SDS,2018,46
SDS,2019,50
SDS,2020,47
SDS,2021,51
SDS,2022,54
SDS,2023,42
SDS,2024,49
SDS,2025,47
WHODAS-2.0,2000,0
WHODAS-2.0,2001,0
WHODAS-2.0,2002,0
WHODAS-2.0,2003,0
WHODAS-2.0,2004,0
WHODAS-2.0,2005,0
WHODAS-2.0,2006,0
WHODAS-2.0,2007,0
WHODAS-2.0,2008,0
WHODAS-2.0,2009,1
WHODAS-2.0,2010,2
WHODAS-2.0,2011,2
WHODAS-2.0,2012,3
WHODAS-2.0,2013,13
WHODAS-2.0,2014,18
WHODAS-2.0,2015,26
WHODAS-2.0,2016,32
WHODAS-2.0,2017,53
WHODAS-2.0,2018,50
WHODAS-2.0,2019,66
WHODAS-2.0,2020,60
WHODAS-2.0,2021,69
WHODAS-2.0,2022,90
WHODAS-2.0,2023,77
WHODAS-2.0,2024,83
WHODAS-2.0,2025,115
EQ-5D,2000,27
EQ-5D,2001,43
EQ-5D,2002,41
EQ-5D,2003,68
EQ-5D,2004,88
EQ-5D,2005,145
EQ-5D,2006,153
EQ-5D,2007,191
EQ-5D,2008,232
EQ-5D,2009,284
EQ-5D,2010,360
EQ-5D,2011,421
EQ-5D,2012,476
EQ-5D,2013,628
EQ-5D,2014,721
EQ-5D,2015,778
EQ-5D,2016,875
EQ-5D,2017,995
EQ-5D,2018,1115
EQ-5D,2019,1201
EQ-5D,2020,1427
EQ-5D,2021,1642
EQ-5D,2022,1818
EQ-5D,2023,1717
EQ-5D,2024,1766
EQ-5D,2025,2060
MDQ,2000,1
MDQ,2001,1
MDQ,2002,4
MDQ,2003,7
MDQ,2004,6
MDQ,2005,13
MDQ,2006,13
MDQ,2007,13
MDQ,2008,19
MDQ,2009,11
MDQ,2010,20
MDQ,2011,26
MDQ,2012,22
MDQ,2013,24
MDQ,2014,25
MDQ,2015,27
MDQ,2016,19
MDQ,2017,19
MDQ,2018,17
MDQ,2019,18
MDQ,2020,20
MDQ,2021,11
MDQ,2022,8
MDQ,2023,17
MDQ,2024,21
MDQ,2025,19
GHQ-12,2000,39
GHQ-12,2001,34
GHQ-12,2002,35
GHQ-12,2003,33
GHQ-12,2004,57
GHQ-12,2005,51
GHQ-12,2006,59
GHQ-12,2007,75
GHQ-12,2008,75
GHQ-12,2009,83
GHQ-12,2010,98
GHQ-12,2011,93
GHQ-12,2012,112
GHQ-12,2013,110
GHQ-12,2014,109
GHQ-12,2015,101
GHQ-12,2016,118
GHQ-12,2017,111
GHQ-12,2018,103
GHQ-12,2019,105
GHQ-12,2020,152
GHQ-12,2021,194
GHQ-12,2022,187
GHQ-12,2023,146
GHQ-12,2024,139
GHQ-12,2025,125
CAPS-5,2000,0
CAPS-5,2001,0
CAPS-5,2002,0
CAPS-5,2003,0
CAPS-5,2004,0
CAPS-5,2005,0
CAPS-5,2006,0
CAPS-5,2007,0
CAPS-5,2008,0
CAPS-5,2009,0
CAPS-5,2010,0
CAPS-5,2011,1
CAPS-5,2012,1
CAPS-5,2013,0
CAPS-5,2014,1
CAPS-5,2015,2
CAPS-5,2016,1
CAPS-5,2017,11
CAPS-5,2018,17
CAPS-5,2019,12
CAPS-5,2020,26
CAPS-5,2021,40
CAPS-5,2022,44
CAPS-5,2023,42
CAPS-5,2024,50
CAPS-5,2025,74
DAST-10,2000,1
DAST-10,2001,1
DAST-10,2002,0
DAST-10,2003,1
DAST-10,2004,1
DAST-10,2005,1
DAST-10,2006,2
DAST-10,2007,2
DAST-10,2008,1
DAST-10,2009,0
DAST-10,2010,2
DAST-10,2011,2
DAST-10,2012,4
DAST-10,2013,3
DAST-10,2014,6
DAST-10,2015,5
DAST-10,2016,3
DAST-10,2017,1
DAST-10,2018,7
DAST-10,2019,3
DAST-10,2020,9
DAST-10,2021,7
DAST-10,2022,9
DAST-10,2023,11
DAST-10,2024,7
DAST-10,2025,9
CAGE,2000,16
CAGE,2001,17
CAGE,2002,5
CAGE,2003,10
CAGE,2004,9
CAGE,2005,16
CAGE,2006,17
CAGE,2007,13
CAGE,2008,15
CAGE,2009,12
CAGE,2010,11
CAGE,2011,14
CAGE,2012,13
CAGE,2013,10
CAGE,2014,16
CAGE,2015,13
CAGE,2016,14
CAGE,2017,10
CAGE,2018,10
CAGE,2019,16
CAGE,2020,12
CAGE,2021,16
CAGE,2022,15
CAGE,2023,7
CAGE,2024,11
CAGE,2025,4
ASSIST,2000,0
ASSIST,2001,0
ASSIST,2002,1
ASSIST,2003,0
ASSIST,2004,1
ASSIST,2005,1
ASSIST,2006,0
ASSIST,2007,0
ASSIST,2008,3
ASSIST,2009,4
ASSIST,2010,2
ASSIST,2011,5
ASSIST,2012,12
ASSIST,2013,10
ASSIST,2014,29
ASSIST,2015,29
ASSIST,2016,35
ASSIST,2017,29
ASSIST,2018,26
ASSIST,2019,20
ASSIST,2020,24
ASSIST,2021,33
ASSIST,2022,35
ASSIST,2023,47
ASSIST,2024,37
ASSIST,2025,43
PHQ-15,2000,0
PHQ-15,2001,0
PHQ-15,2002,1
PHQ-15,2003,0
PHQ-15,2004,0
PHQ-15,2005,1
PHQ-15,2006,3
PHQ-15,2007,7
PHQ-15,2008,10
PHQ-15,2009,10
PHQ-15,2010,8
PHQ-15,2011,14
PHQ-15,2012,13
PHQ-15,2013,25
PHQ-15,2014,29
PHQ-15,2015,24
PHQ-15,2016,27
PHQ-15,2017,48
PHQ-15,2018,41
PHQ-15,2019,52
PHQ-15,2020,62
PHQ-15,2021,72
PHQ-15,2022,78
PHQ-15,2023,73
PHQ-15,2024,71
PHQ-15,2025,92
ASI,2000,40
ASI,2001,38
ASI,2002,33
ASI,2003,37
ASI,2004,33
ASI,2005,45
ASI,2006,54
ASI,2007,49
ASI,2008,48
ASI,2009,49
ASI,2010,61
ASI,2011,48
ASI,2012,58
ASI,2013,57
ASI,2014,52
ASI,2015,43
ASI,2016,40
ASI,2017,51
ASI,2018,49
ASI,2019,54
ASI,2020,52
ASI,2021,40
ASI,2022,39
ASI,2023,29
ASI,2024,24
ASI,2025,27
WHO-5,2000,0
WHO-5,2001,5
WHO-5,2002,3
WHO-5,2003,3
WHO-5,2004,5
WHO-5,2005,4
WHO-5,2006,11
WHO-5,2007,16
WHO-5,2008,9
WHO-5,2009,12
WHO-5,2010,21
WHO-5,2011,21
WHO-5,2012,29
WHO-5,2013,33
WHO-5,2014,44
WHO-5,2015,35
WHO-5,2016,34
WHO-5,2017,57
WHO-5,2018,68
WHO-5,2019,72
WHO-5,2020,100
WHO-5,2021,161
WHO-5,2022,237
WHO-5,2023,180
WHO-5,2024,195
WHO-5,2025,283
ACE,2000,0
ACE,2001,0
ACE,2002,0
ACE,2003,0
ACE,2004,0
ACE,2005,0
ACE,2006,0
ACE,2007,0
ACE,2008,0
ACE,2009,0
ACE,2010,2
ACE,2011,1
ACE,2012,0
ACE,2013,0
ACE,2014,0
ACE,2015,0
ACE,2016,1
ACE,2017,5
ACE,2018,6
ACE,2019,6
ACE,2020,9
ACE,2021,14
ACE,2022,17
ACE,2023,19
ACE,2024,23
ACE,2025,36
WHOQOL-100,2000,8
WHOQOL-100,2001,5
WHOQOL-100,2002,4
WHOQOL-100,2003,9
WHOQOL-100,2004,11
WHOQOL-100,2005,14
WHOQOL-100,2006,9
WHOQOL-100,2007,15
WHOQOL-100,2008,13
WHOQOL-100,2009,14
WHOQOL-100,2010,13
WHOQOL-100,2011,8
WHOQOL-100,2012,14
WHOQOL-100,2013,7
WHOQOL-100,2014,10
WHOQOL-100,2015,8
WHOQOL-100,2016,9
WHOQOL-100,2017,6
WHOQOL-100,2018,5
WHOQOL-100,2019,8
WHOQOL-100,2020,4
WHOQOL-100,2021,6
WHOQOL-100,2022,13
WHOQOL-100,2023,4
WHOQOL-100,2024,8
WHOQOL-100,2025,7
SF-12,2000,49
SF-12,2001,48
SF-12,2002,43
SF-12,2003,83
SF-12,2004,89
SF-12,2005,112
SF-12,2006,134
SF-12,2007,166
SF-12,2008,177
SF-12,2009,191
SF-12,2010,213
SF-12,2011,271
SF-12,2012,287
SF-12,2013,384
SF-12,2014,389
SF-12,2015,403
SF-12,2016,440
SF-12,2017,462
SF-12,2018,437
SF-12,2019,467
SF-12,2020,561
SF-12,2021,610
SF-12,2022,593
SF-12,2023,506
SF-12,2024,514
SF-12,2025,603
ERQ,2000,0
ERQ,2001,0
ERQ,2002,1
ERQ,2003,1
ERQ,2004,0
ERQ,2005,1
ERQ,2006,5
ERQ,2007,5
ERQ,2008,6
ERQ,2009,8
ERQ,2010,5
ERQ,2011,12
ERQ,2012,12
ERQ,2013,17
ERQ,2014,22
ERQ,2015,21
ERQ,2016,26
ERQ,2017,39
ERQ,2018,48
ERQ,2019,53
ERQ,2020,65
ERQ,2021,110
ERQ,2022,104
ERQ,2023,109
ERQ,2024,114
ERQ,2025,144
SPIN,2000,1
SPIN,2001,2
SPIN,2002,3
SPIN,2003,0
SPIN,2004,3
SPIN,2005,4
SPIN,2006,3
SPIN,2007,7
SPIN,2008,6
SPIN,2009,13
SPIN,2010,8
SPIN,2011,8
SPIN,2012,12
SPIN,2013,8
SPIN,2014,10
SPIN,2015,7
SPIN,2016,8
SPIN,2017,14
SPIN,2018,9
SPIN,2019,9
SPIN,2020,19
SPIN,2021,19
SPIN,2022,17
SPIN,2023,7
SPIN,2024,17
SPIN,2025,16
FS,2000,0
FS,2001,0
FS,2002,0
FS,2003,0
FS,2004,0
FS,2005,0
FS,2006,0
FS,2007,0
FS,2008,0
FS,2009,0
FS,2010,0
FS,2011,0
FS,2012,1
FS,2013,2
FS,2014,1
FS,2015,2
FS,2016,8
FS,2017,9
FS,2018,11
FS,2019,10
FS,2020,20
FS,2021,26
FS,2022,28
FS,2023,21
FS,2024,21
FS,2025,28
PIL,2000,0
PIL,2001,1
PIL,2002,1
PIL,2003,0
PIL,2004,1
PIL,2005,2
PIL,2006,4
PIL,2007,1
PIL,2008,4
PIL,2009,4
PIL,2010,2
PIL,2011,2
PIL,2012,5
PIL,2013,7
PIL,2014,11
PIL,2015,2
PIL,2016,5
PIL,2017,6
PIL,2018,5
PIL,2019,5
PIL,2020,4
PIL,2021,6
PIL,2022,9
PIL,2023,3
PIL,2024,4
PIL,2025,9
SOC-13,2000,3
SOC-13,2001,1
SOC-13,2002,1
SOC-13,2003,3
SOC-13,2004,5
SOC-13,2005,6
SOC-13,2006,6
SOC-13,2007,6
SOC-13,2008,7
SOC-13,2009,10
SOC-13,2010,5
SOC-13,2011,8
SOC-13,2012,8
SOC-13,2013,11
SOC-13,2014,12
SOC-13,2015,19
SOC-13,2016,18
SOC-13,2017,13
SOC-13,2018,18
SOC-13,2019,20
SOC-13,2020,29
SOC-13,2021,28
SOC-13,2022,29
SOC-13,2023,30
SOC-13,2024,29
SOC-13,2025,37
PSC-17,2000,0
PSC-17,2001,0
PSC-17,2002,0
PSC-17,2003,1
PSC-17,2004,1
PSC-17,2005,1
PSC-17,2006,0
PSC-17,2007,2
PSC-17,2008,2
PSC-17,2009,1
PSC-17,2010,1
PSC-17,2011,3
PSC-17,2012,2
PSC-17,2013,2
PSC-17,2014,1
PSC-17,2015,4
PSC-17,2016,3
PSC-17,2017,4
PSC-17,2018,1
PSC-17,2019,15
PSC-17,2020,5
PSC-17,2021,10
PSC-17,2022,7
PSC-17,2023,12
PSC-17,2024,13
PSC-17,2025,16
SRS-2,2000,4
SRS-2,2001,5
SRS-2,2002,2
SRS-2,2003,2
SRS-2,2004,0
SRS-2,2005,1
SRS-2,2006,0
SRS-2,2007,1
SRS-2,2008,1
SRS-2,2009,1
SRS-2,2010,2
SRS-2,2011,3
SRS-2,2012,0
SRS-2,2013,3
SRS-2,2014,2
SRS-2,2015,3
SRS-2,2016,11
SRS-2,2017,23
SRS-2,2018,14
SRS-2,2019,25
SRS-2,2020,50
SRS-2,2021,38
SRS-2,2022,43
SRS-2,2023,57
SRS-2,2024,66
SRS-2,2025,74
GAD-2,2000,0
GAD-2,2001,2
GAD-2,2002,0
GAD-2,2003,0
GAD-2,2004,1
GAD-2,2005,1
GAD-2,2006,0
GAD-2,2007,3
GAD-2,2008,3
GAD-2,2009,3
GAD-2,2010,4
GAD-2,2011,2
GAD-2,2012,4
GAD-2,2013,7
GAD-2,2014,10
GAD-2,2015,10
GAD-2,2016,11
GAD-2,2017,14
GAD-2,2018,18
GAD-2,2019,24
GAD-2,2020,37
GAD-2,2021,85
GAD-2,2022,79
GAD-2,2023,57
GAD-2,2024,56
GAD-2,2025,82
PHQ-2,2000,0
PHQ-2,2001,0
PHQ-2,2002,1
PHQ-2,2003,1
PHQ-2,2004,2
PHQ-2,2005,2
PHQ-2,2006,1
PHQ-2,2007,6
PHQ-2,2008,7
PHQ-2,2009,16
PHQ-2,2010,25
PHQ-2,2011,22
PHQ-2,2012,25
PHQ-2,2013,36
PHQ-2,2014,52
PHQ-2,2015,53
PHQ-2,2016,61
PHQ-2,2017,60
PHQ-2,2018,73
PHQ-2,2019,85
PHQ-2,2020,108
PHQ-2,2021,187
PHQ-2,2022,194
PHQ-2,2023,169
PHQ-2,2024,136
PHQ-2,2025,200
VR-12,2000,1
VR-12,2001,1
VR-12,2002,0
VR-12,2003,0
VR-12,2004,0
VR-12,2005,0
VR-12,2006,1
VR-12,2007,1
VR-12,2008,2
VR-12,2009,2
VR-12,2010,1
VR-12,2011,3
VR-12,2012,3
VR-12,2013,2
VR-12,2014,4
VR-12,2015,9
VR-12,2016,13
VR-12,2017,26
VR-12,2018,31
VR-12,2019,41
VR-12,2020,62
VR-12,2021,79
VR-12,2022,98
VR-12,2023,87
VR-12,2024,81
VR-12,2025,85
Connor-Davidson-10,2000,0
Connor-Davidson-10,2001,0
Connor-Davidson-10,2002,0
Connor-Davidson-10,2003,0
Connor-Davidson-10,2004,0
Connor-Davidson-10,2005,0
Connor-Davidson-10,2006,0
Connor-Davidson-10,2007,0
Connor-Davidson-10,2008,0
Connor-Davidson-10,2009,0
Connor-Davidson-10,2010,0
Connor-Davidson-10,2011,1
Connor-Davidson-10,2012,0
Connor-Davidson-10,2013,5
Connor-Davidson-10,2014,4
Connor-Davidson-10,2015,3
Connor-Davidson-10,2016,3
Connor-Davidson-10,2017,2
Connor-Davidson-10,2018,5
Connor-Davidson-10,2019,6
Connor-Davidson-10,2020,12
Connor-Davidson-10,2021,24
Connor-Davidson-10,2022,26
Connor-Davidson-10,2023,24
Connor-Davidson-10,2024,25
Connor-Davidson-10,2025,29
CASP-19,2000,0
CASP-19,2001,0
CASP-19,2002,0
CASP-19,2003,1
CASP-19,2004,0
CASP-19,2005,0
CASP-19,2006,1
CASP-19,2007,1
CASP-19,2008,4
CASP-19,2009,2
CASP-19,2010,3
CASP-19,2011,6
CASP-19,2012,3
CASP-19,2013,8
CASP-19,2014,7
CASP-19,2015,15
CASP-19,2016,7
CASP-19,2017,3
CASP-19,2018,12
CASP-19,2019,11
CASP-19,2020,12
CASP-19,2021,10
CASP-19,2022,8
CASP-19,2023,8
CASP-19,2024,10
CASP-19,2025,10
PDQ-4,2000,4
PDQ-4,2001,2
PDQ-4,2002,3
PDQ-4,2003,2
PDQ-4,2004,4
PDQ-4,2005,1
PDQ-4,2006,3
PDQ-4,2007,5
PDQ-4,2008,13
PDQ-4,2009,6
PDQ-4,2010,10
PDQ-4,2011,13
PDQ-4,2012,11
PDQ-4,2013,21
PDQ-4,2014,6
PDQ-4,2015,14
PDQ-4,2016,10
PDQ-4,2017,7
PDQ-4,2018,11
PDQ-4,2019,10
PDQ-4,2020,12
PDQ-4,2021,11
PDQ-4,2022,9
PDQ-4,2023,13
PDQ-4,2024,6
PDQ-4,2025,4
WHODAS-12,2000,0
WHODAS-12,2001,0
WHODAS-12,2002,0
WHODAS-12,2003,0
WHODAS-12,2004,0
WHODAS-12,2005,0
WHODAS-12,2006,0
WHODAS-12,2007,0
WHODAS-12,2008,0
WHODAS-12,2009,0
WHODAS-12,2010,0
WHODAS-12,2011,0
WHODAS-12,2012,1
WHODAS-12,2013,2
WHODAS-12,2014,1
WHODAS-12,2015,2
WHODAS-12,2016,4
WHODAS-12,2017,1
WHODAS-12,2018,4
WHODAS-12,2019,2
WHODAS-12,2020,4
WHODAS-12,2021,2
WHODAS-12,2022,7
WHODAS-12,2023,9
WHODAS-12,2024,4
WHODAS-12,2025,7
HDRS-21,2000,1
HDRS-21,2001,0
HDRS-21,2002,1
HDRS-21,2003,1
HDRS-21,2004,4
HDRS-21,2005,0
HDRS-21,2006,1
HDRS-21,2007,3
HDRS-21,2008,2
HDRS-21,2009,5
HDRS-21,2010,7
HDRS-21,2011,10
HDRS-21,2012,5
HDRS-21,2013,3
HDRS-21,2014,3
HDRS-21,2015,7
HDRS-21,2016,3
HDRS-21,2017,3
HDRS-21,2018,4
HDRS-21,2019,3
HDRS-21,2020,5
HDRS-21,2021,4
HDRS-21,2022,8
HDRS-21,2023,10
HDRS-21,2024,8
HDRS-21,2025,5
TAS-20,2000,18
TAS-20,2001,26
TAS-20,2002,21
TAS-20,2003,21
TAS-20,2004,19
TAS-20,2005,33
TAS-20,2006,29
TAS-20,2007,42
TAS-20,2008,27
TAS-20,2009,34
TAS-20,2010,49
TAS-20,2011,60
TAS-20,2012,39
TAS-20,2013,53
TAS-20,2014,61
TAS-20,2015,55
TAS-20,2016,38
TAS-20,2017,55
TAS-20,2018,66
TAS-20,2019,75
TAS-20,2020,83
TAS-20,2021,101
TAS-20,2022,86
TAS-20,2023,83
TAS-20,2024,105
TAS-20,2025,119
IRI,2000,1
IRI,2001,1
IRI,2002,3
IRI,2003,7
IRI,2004,4
IRI,2005,9
IRI,2006,8
IRI,2007,5
IRI,2008,12
IRI,2009,12
IRI,2010,15
IRI,2011,16
IRI,2012,27
IRI,2013,28
IRI,2014,40
IRI,2015,35
IRI,2016,40
IRI,2017,49
IRI,2018,54
IRI,2019,58
IRI,2020,69
IRI,2021,88
IRI,2022,97
IRI,2023,73
IRI,2024,80
IRI,2025,70
BASIS-24,2000,2
BASIS-24,2001,2
BASIS-24,2002,1
BASIS-24,2003,0
BASIS-24,2004,3
BASIS-24,2005,1
BASIS-24,2006,1
BASIS-24,2007,2
BASIS-24,2008,2
BASIS-24,2009,2
BASIS-24,2010,4
BASIS-24,2011,3
BASIS-24,2012,0
BASIS-24,2013,2
BASIS-24,2014,2
BASIS-24,2015,4
BASIS-24,2016,1
BASIS-24,2017,1
BASIS-24,2018,1
BASIS-24,2019,3
BASIS-24,2020,3
BASIS-24,2021,5
BASIS-24,2022,6
BASIS-24,2023,2
BASIS-24,2024,0
BASIS-24,2025,3
SPS,2000,6
SPS,2001,3
SPS,2002,3
SPS,2003,3
SPS,2004,6
SPS,2005,6
SPS,2006,5
SPS,2007,3
SPS,2008,1
SPS,2009,5
SPS,2010,10
SPS,2011,8
SPS,2012,7
SPS,2013,5
SPS,2014,8
SPS,2015,7
SPS,2016,6
SPS,2017,10
SPS,2018,5
SPS,2019,10
SPS,2020,7
SPS,2021,15
SPS,2022,4
SPS,2023,8
SPS,2024,10
SPS,2025,9
SAS,2000,10
SAS,2001,8
SAS,2002,16
SAS,2003,17
SAS,2004,14
SAS,2005,18
SAS,2006,15
SAS,2007,18
SAS,2008,14
SAS,2009,17
SAS,2010,13
SAS,2011,14
SAS,2012,13
SAS,2013,18
SAS,2014,14
SAS,2015,17
SAS,2016,11
SAS,2017,9
SAS,2018,13
SAS,2019,7
SAS,2020,12
SAS,2021,11
SAS,2022,7
SAS,2023,7
SAS,2024,4
SAS,2025,8
ADOS-2,2000,0
ADOS-2,2001,0
ADOS-2,2002,0
ADOS-2,2003,0
ADOS-2,2004,0
ADOS-2,2005,0
ADOS-2,2006,0
ADOS-2,2007,0
ADOS-2,2008,0
ADOS-2,2009,0
ADOS-2,2010,1
ADOS-2,2011,0
ADOS-2,2012,0
ADOS-2,2013,0
ADOS-2,2014,4
ADOS-2,2015,5
ADOS-2,2016,10
ADOS-2,2017,23
ADOS-2,2018,23
ADOS-2,2019,22
ADOS-2,2020,36
ADOS-2,2021,61
ADOS-2,2022,73
ADOS-2,2023,61
ADOS-2,2024,73
ADOS-2,2025,87
CARS-2,2000,0
CARS-2,2001,0
CARS-2,2002,0
CARS-2,2003,0
CARS-2,2004,0
CARS-2,2005,0
CARS-2,2006,0
CARS-2,2007,1
CARS-2,2008,0
CARS-2,2009,1
CARS-2,2010,0
CARS-2,2011,1
CARS-2,2012,3
CARS-2,2013,0
CARS-2,2014,2
CARS-2,2015,2
CARS-2,2016,1
CARS-2,2017,3
CARS-2,2018,4
CARS-2,2019,4
CARS-2,2020,4
CARS-2,2021,8
CARS-2,2022,8
CARS-2,2023,11
CARS-2,2024,13
CARS-2,2025,12
NPI,2000,28
NPI,2001,30
NPI,2002,31
NPI,2003,43
NPI,2004,68
NPI,2005,68
NPI,2006,93
NPI,2007,100
NPI,2008,98
NPI,2009,84
NPI,2010,102
NPI,2011,129
NPI,2012,149
NPI,2013,168
NPI,2014,173
NPI,2015,194
NPI,2016,166
NPI,2017,166
NPI,2018,184
NPI,2019,164
NPI,2020,205
NPI,2021,217
NPI,2022,223
NPI,2023,184
NPI,2024,172
NPI,2025,201
TSC-40,2000,0
TSC-40,2001,3
TSC-40,2002,0
TSC-40,2003,0
TSC-40,2004,2
TSC-40,2005,1
TSC-40,2006,1
TSC-40,2007,1
TSC-40,2008,1
TSC-40,2009,0
TSC-40,2010,1
TSC-40,2011,1
TSC-40,2012,0
TSC-40,2013,0
TSC-40,2014,5
TSC-40,2015,1
TSC-40,2016,3
TSC-40,2017,2
TSC-40,2018,2
TSC-40,2019,1
TSC-40,2020,3
TSC-40,2021,1
TSC-40,2022,5
TSC-40,2023,0
TSC-40,2024,6
TSC-40,2025,6
DES,2000,16
DES,2001,14
DES,2002,12
DES,2003,20
DES,2004,18
DES,2005,21
DES,2006,24
DES,2007,27
DES,2008,25
DES,2009,21
DES,2010,21
DES,2011,17
DES,2012,16
DES,2013,19
DES,2014,28
DES,2015,26
DES,2016,21
DES,2017,29
DES,2018,26
DES,2019,25
DES,2020,25
DES,2021,32
DES,2022,40
DES,2023,25
DES,2024,29
DES,2025,39
PHQ-4,2000,0
PHQ-4,2001,0
PHQ-4,2002,0
PHQ-4,2003,0
PHQ-4,2004,0
PHQ-4,2005,0
PHQ-4,2006,0
PHQ-4,2007,1
PHQ-4,2008,0
PHQ-4,2009,2
PHQ-4,2010,2
PHQ-4,2011,1
PHQ-4,2012,6
PHQ-4,2013,10
PHQ-4,2014,11
PHQ-4,2015,9
PHQ-4,2016,11
PHQ-4,2017,12
PHQ-4,2018,29
PHQ-4,2019,40
PHQ-4,2020,73
PHQ-4,2021,113
PHQ-4,2022,149
PHQ-4,2023,121
PHQ-4,2024,147
PHQ-4,2025,187
SDI,2000,0
SDI,2001,0
SDI,2002,0
SDI,2003,1
SDI,2004,0
SDI,2005,0
SDI,2006,0
SDI,2007,0
SDI,2008,0
SDI,2009,0
SDI,2010,0
SDI,2011,1
SDI,2012,0
SDI,2013,1
SDI,2014,1
SDI,2015,1
SDI,2016,1
SDI,2017,1
SDI,2018,2
SDI,2019,3
SDI,2020,2
SDI,2021,0
SDI,2022,0
SDI,2023,3
SDI,2024,4
SDI,2025,5
BRIEF,2000,1
BRIEF,2001,0
BRIEF,2002,10
BRIEF,2003,0
BRIEF,2004,3
BRIEF,2005,3
BRIEF,2006,5
BRIEF,2007,9
BRIEF,2008,5
BRIEF,2009,13
BRIEF,2010,17
BRIEF,2011,25
BRIEF,2012,26
BRIEF,2013,43
BRIEF,2014,67
BRIEF,2015,61
BRIEF,2016,59
BRIEF,2017,68
BRIEF,2018,78
BRIEF,2019,76
BRIEF,2020,97
BRIEF,2021,103
BRIEF,2022,128
BRIEF,2023,105
BRIEF,2024,98
BRIEF,2025,104
ABAS-3,2000,0
ABAS-3,2001,0
ABAS-3,2002,0
ABAS-3,2003,0
ABAS-3,2004,0
ABAS-3,2005,0
ABAS-3,2006,0
ABAS-3,2007,0
ABAS-3,2008,0
ABAS-3,2009,0
ABAS-3,2010,0
ABAS-3,2011,0
ABAS-3,2012,0
ABAS-3,2013,0
ABAS-3,2014,0
ABAS-3,2015,0
ABAS-3,2016,0
ABAS-3,2017,2
ABAS-3,2018,0
ABAS-3,2019,1
ABAS-3,2020,2
ABAS-3,2021,5
ABAS-3,2022,12
ABAS-3,2023,5
ABAS-3,2024,9
ABAS-3,2025,11
ACT,2000,0
ACT,2001,0
ACT,2002,0
ACT,2003,0
ACT,2004,0
ACT,2005,0
ACT,2006,0
ACT,2007,0
ACT,2008,0
ACT,2009,0
ACT,2010,0
ACT,2011,0
ACT,2012,0
ACT,2013,0
ACT,2014,0
ACT,2015,0
ACT,2016,0
ACT,2017,0
ACT,2018,0
ACT,2019,0
ACT,2020,0
ACT,2021,0
ACT,2022,0
ACT,2023,0
ACT,2024,0
ACT,2025,0
SOS-10,2000,0
SOS-10,2001,1
SOS-10,2002,3
SOS-10,2003,2
SOS-10,2004,1
SOS-10,2005,0
SOS-10,2006,1
SOS-10,2007,0
SOS-10,2008,0
SOS-10,2009,0
SOS-10,2010,1
SOS-10,2011,0
SOS-10,2012,2
SOS-10,2013,1
SOS-10,2014,4
SOS-10,2015,2
SOS-10,2016,1
SOS-10,2017,0
SOS-10,2018,1
SOS-10,2019,1
SOS-10,2020,4
SOS-10,2021,4
SOS-10,2022,1
SOS-10,2023,2
SOS-10,2024,3
SOS-10,2025,0
BIS-11,2000,2
BIS-11,2001,6
BIS-11,2002,6
BIS-11,2003,3
BIS-11,2004,8
BIS-11,2005,5
BIS-11,2006,6
BIS-11,2007,11
BIS-11,2008,17
BIS-11,2009,15
BIS-11,2010,25
BIS-11,2011,35
BIS-11,2012,52
BIS-11,2013,52
BIS-11,2014,60
BIS-11,2015,63
BIS-11,2016,54
BIS-11,2017,55
BIS-11,2018,66
BIS-11,2019,61
BIS-11,2020,72
BIS-11,2021,62
BIS-11,2022,77
BIS-11,2023,59
BIS-11,2024,70
BIS-11,2025,91
SCID-5-PD,2000,0
SCID-5-PD,2001,0
SCID-5-PD,2002,0
SCID-5-PD,2003,0
SCID-5-PD,2004,0
SCID-5-PD,2005,0
SCID-5-PD,2006,0
SCID-5-PD,2007,0
SCID-5-PD,2008,0
SCID-5-PD,2009,0
SCID-5-PD,2010,0
SCID-5-PD,2011,0
SCID-5-PD,2012,0
SCID-5-PD,2013,0
SCID-5-PD,2014,0
SCID-5-PD,2015,0
SCID-5-PD,2016,0
SCID-5-PD,2017,0
SCID-5-PD,2018,0
SCID-5-PD,2019,2
SCID-5-PD,2020,3
SCID-5-PD,2021,5
SCID-5-PD,2022,3
SCID-5-PD,2023,5
SCID-5-PD,2024,3
SCID-5-PD,2025,10
AQ,2000,0
AQ,2001,2
AQ,2002,0
AQ,2003,0
AQ,2004,3
AQ,2005,5
AQ,2006,6
AQ,2007,9
AQ,2008,11
AQ,2009,9
AQ,2010,13
AQ,2011,27
AQ,2012,35
AQ,2013,47
AQ,2014,50
AQ,2015,59
AQ,2016,48
AQ,2017,61
AQ,2018,72
AQ,2019,67
AQ,2020,76
AQ,2021,94
AQ,2022,77
AQ,2023,87
AQ,2024,74
AQ,2025,101
PAI,2000,7
PAI,2001,10
PAI,2002,7
PAI,2003,9
PAI,2004,4
PAI,2005,6
PAI,2006,9
PAI,2007,29
PAI,2008,21
PAI,2009,25
PAI,2010,25
PAI,2011,16
PAI,2012,27
PAI,2013,22
PAI,2014,23
PAI,2015,31
PAI,2016,28
PAI,2017,28
PAI,2018,36
PAI,2019,28
PAI,2020,28
PAI,2021,31
PAI,2022,33
PAI,2023,23
PAI,2024,22
PAI,2025,32
PSS-10,2000,1
PSS-10,2001,1
PSS-10,2002,0
PSS-10,2003,0
PSS-10,2004,1
PSS-10,2005,3
PSS-10,2006,2
PSS-10,2007,5
PSS-10,2008,4
PSS-10,2009,4
PSS-10,2010,13
PSS-10,2011,9
PSS-10,2012,13
PSS-10,2013,14
PSS-10,2014,22
PSS-10,2015,23
PSS-10,2016,33
PSS-10,2017,44
PSS-10,2018,45
PSS-10,2019,53
PSS-10,2020,116
PSS-10,2021,197
PSS-10,2022,198
PSS-10,2023,158
PSS-10,2024,176
PSS-10,2025,221
STAXI-2,2000,0
STAXI-2,2001,0
STAXI-2,2002,1
STAXI-2,2003,1
STAXI-2,2004,0
STAXI-2,2005,1
STAXI-2,2006,3
STAXI-2,2007,4
STAXI-2,2008,9
STAXI-2,2009,2
STAXI-2,2010,4
STAXI-2,2011,2
STAXI-2,2012,9
STAXI-2,2013,5
STAXI-2,2014,15
STAXI-2,2015,18
STAXI-2,2016,11
STAXI-2,2017,14
STAXI-2,2018,14
STAXI-2,2019,17
STAXI-2,2020,6
STAXI-2,2021,8
STAXI-2,2022,7
STAXI-2,2023,10
STAXI-2,2024,11
STAXI-2,2025,20
DASS-42,2000,0
DASS-42,2001,0
DASS-42,2002,0
DASS-42,2003,0
DASS-42,2004,0
DASS-42,2005,0
DASS-42,2006,1
DASS-42,2007,2
DASS-42,2008,3
DASS-42,2009,1
DASS-42,2010,2
DASS-42,2011,3
DASS-42,2012,3
DASS-42,2013,1
DASS-42,2014,4
DASS-42,2015,10
DASS-42,2016,7
DASS-42,2017,5
DASS-42,2018,11
DASS-42,2019,12
DASS-42,2020,12
DASS-42,2021,20
DASS-42,2022,33
DASS-42,2023,27
DASS-42,2024,23
DASS-42,2025,26
FSS,2000,14
FSS,2001,9
FSS,2002,15
FSS,2003,16
FSS,2004,22
FSS,2005,26
FSS,2006,39
FSS,2007,36
FSS,2008,51
FSS,2009,53
FSS,2010,65
FSS,2011,79
FSS,2012,80
FSS,2013,105
FSS,2014,102
FSS,2015,111
FSS,2016,129
FSS,2017,112
FSS,2018,124
FSS,2019,153
FSS,2020,188
FSS,2021,215
FSS,2022,249
FSS,2023,189
FSS,2024,263
FSS,2025,287
SRS,2000,1
SRS,2001,0
SRS,2002,0
SRS,2003,1
SRS,2004,1
SRS,2005,1
SRS,2006,0
SRS,2007,0
SRS,2008,2
SRS,2009,1
SRS,2010,0
SRS,2011,0
SRS,2012,0
SRS,2013,2
SRS,2014,1
SRS,2015,1
SRS,2016,2
SRS,2017,1
SRS,2018,1
SRS,2019,0
SRS,2020,2
SRS,2021,6
SRS,2022,7
SRS,2023,8
SRS,2024,4
SRS,2025,5
DAS,2000,8
DAS,2001,3
DAS,2002,5
DAS,2003,9
DAS,2004,10
DAS,2005,11
DAS,2006,6
DAS,2007,10
DAS,2008,12
DAS,2009,15
DAS,2010,23
DAS,2011,27
DAS,2012,29
DAS,2013,20
DAS,2014,28
DAS,2015,27
DAS,2016,28
DAS,2017,34
DAS,2018,33
DAS,2019,32
DAS,2020,37
DAS,2021,39
DAS,2022,22
DAS,2023,30
DAS,2024,28
DAS,2025,30
RAS,2000,1
RAS,2001,1
RAS,2002,1
RAS,2003,0
RAS,2004,3
RAS,2005,1
RAS,2006,1
RAS,2007,1
RAS,2008,1
RAS,2009,1
RAS,2010,2
RAS,2011,2
RAS,2012,3
RAS,2013,2
RAS,2014,2
RAS,2015,5
RAS,2016,3
RAS,2017,3
RAS,2018,5
RAS,2019,9
RAS,2020,7
RAS,2021,8
RAS,2022,5
RAS,2023,11
RAS,2024,9
RAS,2025,10
CSS,2000,0
CSS,2001,0
CSS,2002,0
CSS,2003,0
CSS,2004,0
CSS,2005,0
CSS,2006,0
CSS,2007,0
CSS,2008,0
CSS,2009,0
CSS,2010,0
CSS,2011,0
CSS,2012,0
CSS,2013,0
CSS,2014,0
CSS,2015,0
CSS,2016,0
CSS,2017,0
CSS,2018,0
CSS,2019,0
CSS,2020,7
CSS,2021,12
CSS,2022,6
CSS,2023,6
CSS,2024,6
CSS,2025,4
WAI,2000,2
WAI,2001,3
WAI,2002,3
WAI,2003,3
WAI,2004,4
WAI,2005,3
WAI,2006,11
WAI,2007,4
WAI,2008,10
WAI,2009,8
WAI,2010,13
WAI,2011,19
WAI,2012,20
WAI,2013,25
WAI,2014,25
WAI,2015,32
WAI,2016,29
WAI,2017,20
WAI,2018,31
WAI,2019,37
WAI,2020,35
WAI,2021,51
WAI,2022,53
WAI,2023,38
WAI,2024,40
WAI,2025,46
GQ-6,2000,0
GQ-6,2001,0
GQ-6,2002,0
GQ-6,2003,0
GQ-6,2004,0
GQ-6,2005,0
GQ-6,2006,0
GQ-6,2007,0
GQ-6,2008,0
GQ-6,2009,0
GQ-6,2010,0
GQ-6,2011,1
GQ-6,2012,0
GQ-6,2013,1
GQ-6,2014,1
GQ-6,2015,0
GQ-6,2016,1
GQ-6,2017,3
GQ-6,2018,2
GQ-6,2019,5
GQ-6,2020,8
GQ-6,2021,9
GQ-6,2022,8
GQ-6,2023,13
GQ-6,2024,10
GQ-6,2025,13
ILS,2000,0
ILS,2001,0
ILS,2002,0
ILS,2003,0
ILS,2004,0
ILS,2005,0
ILS,2006,0
ILS,2007,0
ILS,2008,0
ILS,2009,0
ILS,2010,0
ILS,2011,0
ILS,2012,0
ILS,2013,0
ILS,2014,0
ILS,2015,0
ILS,2016,0
ILS,2017,0
ILS,2018,0
ILS,2019,0
ILS,2020,0
ILS,2021,0
ILS,2022,0
ILS,2023,0
ILS,2024,0
ILS,2025,0
ORS,2000,4
ORS,2001,2
ORS,2002,1
ORS,2003,1
ORS,2004,0
ORS,2005,2
ORS,2006,1
ORS,2007,1
ORS,2008,2
ORS,2009,2
ORS,2010,2
ORS,2011,0
ORS,2012,0
ORS,2013,0
ORS,2014,3
ORS,2015,1
ORS,2016,5
ORS,2017,8
ORS,2018,3
ORS,2019,9
ORS,2020,17
ORS,2021,13
ORS,2022,15
ORS,2023,5
ORS,2024,7
ORS,2025,7
BSL-23,2000,0
BSL-23,2001,0
BSL-23,2002,0
BSL-23,2003,0
BSL-23,2004,0
BSL-23,2005,0
BSL-23,2006,0
BSL-23,2007,0
BSL-23,2008,1
BSL-23,2009,3
BSL-23,2010,0
BSL-23,2011,0
BSL-23,2012,0
BSL-23,2013,1
BSL-23,2014,4
BSL-23,2015,1
BSL-23,2016,3
BSL-23,2017,3
BSL-23,2018,8
BSL-23,2019,4
BSL-23,2020,6
BSL-23,2021,6
BSL-23,2022,10
BSL-23,2023,8
BSL-23,2024,7
BSL-23,2025,17
PCS,2000,2
PCS,2001,0
PCS,2002,3
PCS,2003,4
PCS,2004,5
PCS,2005,10
PCS,2006,6
PCS,2007,11
PCS,2008,28
PCS,2009,23
PCS,2010,21
PCS,2011,35
PCS,2012,44
PCS,2013,64
PCS,2014,64
PCS,2015,74
PCS,2016,93
PCS,2017,95
PCS,2018,108
PCS,2019,115
PCS,2020,180
PCS,2021,219
PCS,2022,191
PCS,2023,188
PCS,2024,197
PCS,2025,239
AIS,2000,2
AIS,2001,2
AIS,2002,0
AIS,2003,2
AIS,2004,3
AIS,2005,4
AIS,2006,3
AIS,2007,4
AIS,2008,10
AIS,2009,11
AIS,2010,12
AIS,2011,18
AIS,2012,16
AIS,2013,18
AIS,2014,21
AIS,2015,20
AIS,2016,31
AIS,2017,36
AIS,2018,34
AIS,2019,60
AIS,2020,65
AIS,2021,89
AIS,2022,106
AIS,2023,103
AIS,2024,114
AIS,2025,151
GDS-15,2000,6
GDS-15,2001,5
GDS-15,2002,6
GDS-15,2003,7
GDS-15,2004,13
GDS-15,2005,19
GDS-15,2006,19
GDS-15,2007,27
GDS-15,2008,25
GDS-15,2009,25
GDS-15,2010,36
GDS-15,2011,40
GDS-15,2012,33
GDS-15,2013,52
GDS-15,2014,39
GDS-15,2015,57
GDS-15,2016,63
GDS-15,2017,60
GDS-15,2018,60
GDS-15,2019,71
GDS-15,2020,87
GDS-15,2021,115
GDS-15,2022,115
GDS-15,2023,104
GDS-15,2024,123
GDS-15,2025,137
CORE-10,2000,0
CORE-10,2001,0
CORE-10,2002,1
CORE-10,2003,1
CORE-10,2004,0
CORE-10,2005,1
CORE-10,2006,3
CORE-10,2007,1
CORE-10,2008,3
CORE-10,2009,11
CORE-10,2010,4
CORE-10,2011,1
CORE-10,2012,2
CORE-10,2013,3
CORE-10,2014,3
CORE-10,2015,3
CORE-10,2016,11
CORE-10,2017,5
CORE-10,2018,5
CORE-10,2019,9
CORE-10,2020,10
CORE-10,2021,9
CORE-10,2022,18
CORE-10,2023,19
CORE-10,2024,23
CORE-10,2025,16
K-6,2000,23
K-6,2001,19
K-6,2002,23
K-6,2003,25
K-6,2004,16
K-6,2005,22
K-6,2006,22
K-6,2007,24
K-6,2008,26
K-6,2009,28
K-6,2010,38
K-6,2011,33
K-6,2012,43
K-6,2013,36
K-6,2014,42
K-6,2015,45
K-6,2016,47
K-6,2017,68
K-6,2018,69
K-6,2019,80
K-6,2020,86
K-6,2021,99
K-6,2022,111
K-6,2023,114
K-6,2024,104
K-6,2025,107
EAT-26,2000,10
EAT-26,2001,4
EAT-26,2002,12
EAT-26,2003,8
EAT-26,2004,13
EAT-26,2005,15
EAT-26,2006,29
EAT-26,2007,24
EAT-26,2008,19
EAT-26,2009,28
EAT-26,2010,39
EAT-26,2011,27
EAT-26,2012,22
EAT-26,2013,25
EAT-26,2014,30
EAT-26,2015,38
EAT-26,2016,30
EAT-26,2017,32
EAT-26,2018,46
EAT-26,2019,40
EAT-26,2020,54
EAT-26,2021,77
EAT-26,2022,78
EAT-26,2023,76
EAT-26,2024,87
EAT-26,2025,94
DOCS,2000,0
DOCS,2001,0
DOCS,2002,0
DOCS,2003,0
DOCS,2004,0
DOCS,2005,0
DOCS,2006,0
DOCS,2007,0
DOCS,2008,0
DOCS,2009,0
DOCS,2010,2
DOCS,2011,0
DOCS,2012,0
DOCS,2013,1
DOCS,2014,6
DOCS,2015,4
DOCS,2016,2
DOCS,2017,5
DOCS,2018,5
DOCS,2019,6
DOCS,2020,7
DOCS,2021,11
DOCS,2022,7
DOCS,2023,7
DOCS,2024,6
DOCS,2025,3
SIAS-6,2000,0
SIAS-6,2001,0
SIAS-6,2002,0
SIAS-6,2003,0
SIAS-6,2004,0
SIAS-6,2005,0
SIAS-6,2006,0
SIAS-6,2007,0
SIAS-6,2008,1
SIAS-6,2009,0
SIAS-6,2010,0
SIAS-6,2011,1
SIAS-6,2012,1
SIAS-6,2013,0
SIAS-6,2014,1
SIAS-6,2015,0
SIAS-6,2016,1
SIAS-6,2017,1
SIAS-6,2018,3
SIAS-6,2019,3
SIAS-6,2020,3
SIAS-6,2021,3
SIAS-6,2022,1
SIAS-6,2023,2
SIAS-6,2024,1
SIAS-6,2025,4
SPS-6,2000,0
SPS-6,2001,0
SPS-6,2002,1
SPS-6,2003,0
SPS-6,2004,0
SPS-6,2005,0
SPS-6,2006,0
SPS-6,2007,1
SPS-6,2008,0
SPS-6,2009,1
SPS-6,2010,1
SPS-6,2011,2
SPS-6,2012,3
SPS-6,2013,5
SPS-6,2014,5
SPS-6,2015,2
SPS-6,2016,2
SPS-6,2017,3
SPS-6,2018,3
SPS-6,2019,5
SPS-6,2020,3
SPS-6,2021,5
SPS-6,2022,8
SPS-6,2023,9
SPS-6,2024,10
SPS-6,2025,11
ISEL-12,2000,0
ISEL-12,2001,0
ISEL-12,2002,0
ISEL-12,2003,0
ISEL-12,2004,0
ISEL-12,2005,0
ISEL-12,2006,0
ISEL-12,2007,0
ISEL-12,2008,0
ISEL-12,2009,2
ISEL-12,2010,1
ISEL-12,2011,1
ISEL-12,2012,0
ISEL-12,2013,2
ISEL-12,2014,6
ISEL-12,2015,6
ISEL-12,2016,0
ISEL-12,2017,2
ISEL-12,2018,1
ISEL-12,2019,0
ISEL-12,2020,4
ISEL-12,2021,8
ISEL-12,2022,3
ISEL-12,2023,8
ISEL-12,2024,2
ISEL-12,2025,2
DASS-12,2000,0
DASS-12,2001,0
DASS-12,2002,0
DASS-12,2003,0
DASS-12,2004,0
DASS-12,2005,0
DASS-12,2006,0
DASS-12,2007,0
DASS-12,2008,0
DASS-12,2009,0
DASS-12,2010,0
DASS-12,2011,0
DASS-12,2012,0
DASS-12,2013,0
DASS-12,2014,1
DASS-12,2015,0
DASS-12,2016,0
DASS-12,2017,1
DASS-12,2018,0
DASS-12,2019,0
DASS-12,2020,0
DASS-12,2021,2
DASS-12,2022,4
DASS-12,2023,0
DASS-12,2024,1
DASS-12,2025,7
AUDIT,2000,33
AUDIT,2001,24
AUDIT,2002,24
AUDIT,2003,36
AUDIT,2004,27
AUDIT,2005,42
AUDIT,2006,41
AUDIT,2007,61
AUDIT,2008,55
AUDIT,2009,61
AUDIT,2010,72
AUDIT,2011,100
AUDIT,2012,128
AUDIT,2013,124
AUDIT,2014,142
AUDIT,2015,153
AUDIT,2016,158
AUDIT,2017,169
AUDIT,2018,188
AUDIT,2019,191
AUDIT,2020,206
AUDIT,2021,228
AUDIT,2022,212
AUDIT,2023,174
AUDIT,2024,196
AUDIT,2025,177
SCARED,2000,4
SCARED,2001,2
SCARED,2002,6
SCARED,2003,1
SCARED,2004,2
SCARED,2005,2
SCARED,2006,1
SCARED,2007,4
SCARED,2008,5
SCARED,2009,7
SCARED,2010,10
SCARED,2011,15
SCARED,2012,14
SCARED,2013,32
SCARED,2014,17
SCARED,2015,7
SCARED,2016,16
SCARED,2017,21
SCARED,2018,23
SCARED,2019,12
SCARED,2020,29
SCARED,2021,24
SCARED,2022,26
SCARED,2023,25
SCARED,2024,27
SCARED,2025,36
BARS,2000,0
BARS,2001,2
BARS,2002,3
BARS,2003,5
BARS,2004,1
BARS,2005,4
BARS,2006,10
BARS,2007,7
BARS,2008,7
BARS,2009,9
BARS,2010,3
BARS,2011,9
BARS,2012,4
BARS,2013,8
BARS,2014,10
BARS,2015,12
BARS,2016,4
BARS,2017,1
BARS,2018,7
BARS,2019,6
BARS,2020,8
BARS,2021,5
BARS,2022,4
BARS,2023,2
BARS,2024,4
BARS,2025,5
MAST,2000,4
MAST,2001,3
MAST,2002,2
MAST,2003,1
MAST,2004,7
MAST,2005,2
MAST,2006,8
MAST,2007,3
MAST,2008,7
MAST,2009,3
MAST,2010,4
MAST,2011,5
MAST,2012,3
MAST,2013,1
MAST,2014,2
MAST,2015,1
MAST,2016,3
MAST,2017,3
MAST,2018,1
MAST,2019,2
MAST,2020,0
MAST,2021,0
MAST,2022,2
MAST,2023,0
MAST,2024,2
MAST,2025,0
BDI-II,2000,6
BDI-II,2001,21
BDI-II,2002,10
BDI-II,2003,24
BDI-II,2004,33
BDI-II,2005,50
BDI-II,2006,55
BDI-II,2007,85
BDI-II,2008,100
BDI-II,2009,103
BDI-II,2010,142
BDI-II,2011,165
BDI-II,2012,235
BDI-II,2013,264
BDI-II,2014,276
BDI-II,2015,304
BDI-II,2016,332
BDI-II,2017,314
BDI-II,2018,388
BDI-II,2019,384
BDI-II,2020,439
BDI-II,2021,469
BDI-II,2022,456
BDI-II,2023,409
BDI-II,2024,391
BDI-II,2025,477
BAI,2000,35
BAI,2001,45
BAI,2002,39
BAI,2003,39
BAI,2004,59
BAI,2005,60
BAI,2006,87
BAI,2007,93
BAI,2008,107
BAI,2009,123
BAI,2010,158
BAI,2011,170
BAI,2012,184
BAI,2013,248
BAI,2014,264
BAI,2015,274
BAI,2016,311
BAI,2017,326
BAI,2018,381
BAI,2019,412
BAI,2020,463
BAI,2021,479
BAI,2022,569
BAI,2023,526
BAI,2024,541
BAI,2025,664
HAM-A,2000,18
HAM-A,2001,22
HAM-A,2002,33
HAM-A,2003,39
HAM-A,2004,34
HAM-A,2005,54
HAM-A,2006,69
HAM-A,2007,50
HAM-A,2008,63
HAM-A,2009,60
HAM-A,2010,78
HAM-A,2011,70
HAM-A,2012,101
HAM-A,2013,115
HAM-A,2014,103
HAM-A,2015,85
HAM-A,2016,110
HAM-A,2017,113
HAM-A,2018,130
HAM-A,2019,142
HAM-A,2020,163
HAM-A,2021,187
HAM-A,2022,205
HAM-A,2023,194
HAM-A,2024,244
HAM-A,2025,316
STAI,2000,106
STAI,2001,116
STAI,2002,109
STAI,2003,128
STAI,2004,157
STAI,2005,183
STAI,2006,201
STAI,2007,181
STAI,2008,239
STAI,2009,256
STAI,2010,271
STAI,2011,313
STAI,2012,336
STAI,2013,402
STAI,2014,394
STAI,2015,428
STAI,2016,438
STAI,2017,477
STAI,2018,472
STAI,2019,507
STAI,2020,645
STAI,2021,759
STAI,2022,718
STAI,2023,643
STAI,2024,656
STAI,2025,800
PSQI,2000,12
PSQI,2001,17
PSQI,2002,26
PSQI,2003,27
PSQI,2004,48
PSQI,2005,64
PSQI,2006,64
PSQI,2007,81
PSQI,2008,112
PSQI,2009,133
PSQI,2010,173
PSQI,2011,227
PSQI,2012,283
PSQI,2013,371
PSQI,2014,423
PSQI,2015,495
PSQI,2016,538
PSQI,2017,595
PSQI,2018,655
PSQI,2019,777
PSQI,2020,1129
PSQI,2021,1413
PSQI,2022,1582
PSQI,2023,1480
PSQI,2024,1742
PSQI,2025,2388
CORE-OM,2000,0
CORE-OM,2001,1
CORE-OM,2002,1
CORE-OM,2003,0
CORE-OM,2004,1
CORE-OM,2005,2
CORE-OM,2006,5
CORE-OM,2007,7
CORE-OM,2008,6
CORE-OM,2009,5
CORE-OM,2010,6
CORE-OM,2011,10
CORE-OM,2012,9
CORE-OM,2013,13
CORE-OM,2014,12
CORE-OM,2015,12
CORE-OM,2016,16
CORE-OM,2017,9
CORE-OM,2018,17
CORE-OM,2019,10
CORE-OM,2020,13
CORE-OM,2021,18
CORE-OM,2022,13
CORE-OM,2023,16
CORE-OM,2024,14
CORE-OM,2025,16
Y-BOCS,2000,30
Y-BOCS,2001,48
Y-BOCS,2002,46
Y-BOCS,2003,50
Y-BOCS,2004,48
Y-BOCS,2005,82
Y-BOCS,2006,89
Y-BOCS,2007,81
Y-BOCS,2008,98
Y-BOCS,2009,95
Y-BOCS,2010,108
Y-BOCS,2011,112
Y-BOCS,2012,105
Y-BOCS,2013,127
Y-BOCS,2014,119
Y-BOCS,2015,137
Y-BOCS,2016,152
Y-BOCS,2017,104
Y-BOCS,2018,128
Y-BOCS,2019,159
Y-BOCS,2020,159
Y-BOCS,2021,154
Y-BOCS,2022,178
Y-BOCS,2023,141
Y-BOCS,2024,150
Y-BOCS,2025,175
EPDS,2000,25
EPDS,2001,28
EPDS,2002,30
EPDS,2003,49
EPDS,2004,47
EPDS,2005,59
EPDS,2006,95
EPDS,2007,96
EPDS,2008,117
EPDS,2009,119
EPDS,2010,142
EPDS,2011,168
EPDS,2012,168
EPDS,2013,179
EPDS,2014,215
EPDS,2015,241
EPDS,2016,273
EPDS,2017,263
EPDS,2018,307
EPDS,2019,333
EPDS,2020,464
EPDS,2021,529
EPDS,2022,592
EPDS,2023,513
EPDS,2024,538
EPDS,2025,647
C-SSRS,2000,0
C-SSRS,2001,0
C-SSRS,2002,0
C-SSRS,2003,0
C-SSRS,2004,0
C-SSRS,2005,0
C-SSRS,2006,0
C-SSRS,2007,0
C-SSRS,2008,0
C-SSRS,2009,1
C-SSRS,2010,1
C-SSRS,2011,1
C-SSRS,2012,3
C-SSRS,2013,10
C-SSRS,2014,24
C-SSRS,2015,28
C-SSRS,2016,27
C-SSRS,2017,39
C-SSRS,2018,53
C-SSRS,2019,55
C-SSRS,2020,57
C-SSRS,2021,67
C-SSRS,2022,74
C-SSRS,2023,76
C-SSRS,2024,83
C-SSRS,2025,125
YMRS,2000,16
YMRS,2001,20
YMRS,2002,31
YMRS,2003,38
YMRS,2004,40
YMRS,2005,52
YMRS,2006,52
YMRS,2007,84
YMRS,2008,76
YMRS,2009,70
YMRS,2010,85
YMRS,2011,92
YMRS,2012,99
YMRS,2013,98
YMRS,2014,104
YMRS,2015,98
YMRS,2016,88
YMRS,2017,91
YMRS,2018,90
YMRS,2019,65
YMRS,2020,103
YMRS,2021,102
YMRS,2022,103
YMRS,2023,82
YMRS,2024,106
YMRS,2025,128
PSS,2000,141
PSS,2001,155
PSS,2002,135
PSS,2003,158
PSS,2004,221
PSS,2005,258
PSS,2006,268
PSS,2007,316
PSS,2008,370
PSS,2009,375
PSS,2010,454
PSS,2011,532
PSS,2012,617
PSS,2013,752
PSS,2014,825
PSS,2015,943
PSS,2016,995
PSS,2017,1055
PSS,2018,1205
PSS,2019,1357
PSS,2020,1727
PSS,2021,2109
PSS,2022,2229
PSS,2023,2150
PSS,2024,2241
PSS,2025,2564
QIDS-SR,2000,0
QIDS-SR,2001,0
QIDS-SR,2002,0
QIDS-SR,2003,2
QIDS-SR,2004,1
QIDS-SR,2005,0
QIDS-SR,2006,7
QIDS-SR,2007,3
QIDS-SR,2008,3
QIDS-SR,2009,7
QIDS-SR,2010,7
QIDS-SR,2011,8
QIDS-SR,2012,14
QIDS-SR,2013,12
QIDS-SR,2014,14
QIDS-SR,2015,10
QIDS-SR,2016,13
QIDS-SR,2017,20
QIDS-SR,2018,21
QIDS-SR,2019,16
QIDS-SR,2020,26
QIDS-SR,2021,40
QIDS-SR,2022,24
QIDS-SR,2023,24
QIDS-SR,2024,29
QIDS-SR,2025,25
PANAS,2000,5
PANAS,2001,9
PANAS,2002,8
PANAS,2003,13
PANAS,2004,9
PANAS,2005,15
PANAS,2006,18
PANAS,2007,28
PANAS,2008,24
PANAS,2009,27
PANAS,2010,32
PANAS,2011,49
PANAS,2012,53
PANAS,2013,68
PANAS,2014,62
PANAS,2015,67
PANAS,2016,70
PANAS,2017,86
PANAS,2018,102
PANAS,2019,122
PANAS,2020,140
PANAS,2021,192
PANAS,2022,160
PANAS,2023,156
PANAS,2024,137
PANAS,2025,172
IES-R,2000,3
IES-R,2001,4
IES-R,2002,5
IES-R,2003,8
IES-R,2004,12
IES-R,2005,16
IES-R,2006,16
IES-R,2007,23
IES-R,2008,34
IES-R,2009,35
IES-R,2010,43
IES-R,2011,61
IES-R,2012,53
IES-R,2013,60
IES-R,2014,66
IES-R,2015,78
IES-R,2016,73
IES-R,2017,74
IES-R,2018,92
IES-R,2019,80
IES-R,2020,188
IES-R,2021,310
IES-R,2022,270
IES-R,2023,194
IES-R,2024,143
IES-R,2025,138
WHOQOL-BREF,2000,4
WHOQOL-BREF,2001,4
WHOQOL-BREF,2002,9
WHOQOL-BREF,2003,11
WHOQOL-BREF,2004,31
WHOQOL-BREF,2005,48
WHOQOL-BREF,2006,71
WHOQOL-BREF,2007,87
WHOQOL-BREF,2008,90
WHOQOL-BREF,2009,103
WHOQOL-BREF,2010,119
WHOQOL-BREF,2011,158
WHOQOL-BREF,2012,167
WHOQOL-BREF,2013,213
WHOQOL-BREF,2014,222
WHOQOL-BREF,2015,222
WHOQOL-BREF,2016,211
WHOQOL-BREF,2017,226
WHOQOL-BREF,2018,265
WHOQOL-BREF,2019,291
WHOQOL-BREF,2020,346
WHOQOL-BREF,2021,404
WHOQOL-BREF,2022,375
WHOQOL-BREF,2023,370
WHOQOL-BREF,2024,374
WHOQOL-BREF,2025,535
PROMIS,2000,0
PROMIS,2001,2
PROMIS,2002,0
PROMIS,2003,1
PROMIS,2004,1
PROMIS,2005,6
PROMIS,2006,4
PROMIS,2007,15
PROMIS,2008,16
PROMIS,2009,23
PROMIS,2010,30
PROMIS,2011,60
PROMIS,2012,43
PROMIS,2013,99
PROMIS,2014,140
PROMIS,2015,151
PROMIS,2016,233
PROMIS,2017,283
PROMIS,2018,379
PROMIS,2019,538
PROMIS,2020,698
PROMIS,2021,838
PROMIS,2022,953
PROMIS,2023,1041
PROMIS,2024,1034
PROMIS,2025,1170
MOS-SS,2000,1
MOS-SS,2001,0
MOS-SS,2002,0
MOS-SS,2003,1
MOS-SS,2004,2
MOS-SS,2005,0
MOS-SS,2006,3
MOS-SS,2007,5
MOS-SS,2008,5
MOS-SS,2009,8
MOS-SS,2010,9
MOS-SS,2011,11
MOS-SS,2012,9
MOS-SS,2013,9
MOS-SS,2014,13
MOS-SS,2015,19
MOS-SS,2016,17
MOS-SS,2017,12
MOS-SS,2018,10
MOS-SS,2019,14
MOS-SS,2020,16
MOS-SS,2021,16
MOS-SS,2022,10
MOS-SS,2023,12
MOS-SS,2024,14
MOS-SS,2025,7
BHS,2000,28
BHS,2001,27
BHS,2002,20
BHS,2003,18
BHS,2004,41
BHS,2005,30
BHS,2006,27
BHS,2007,41
BHS,2008,52
BHS,2009,62
BHS,2010,50
BHS,2011,63
BHS,2012,61
BHS,2013,79
BHS,2014,57
BHS,2015,75
BHS,2016,91
BHS,2017,77
BHS,2018,94
BHS,2019,97
BHS,2020,118
BHS,2021,122
BHS,2022,147
BHS,2023,129
BHS,2024,131
BHS,2025,131
DERS,2000,4
DERS,2001,2
DERS,2002,0
DERS,2003,0
DERS,2004,3
DERS,2005,0
DERS,2006,4
DERS,2007,5
DERS,2008,3
DERS,2009,8
DERS,2010,8
DERS,2011,9
DERS,2012,11
DERS,2013,13
DERS,2014,44
DERS,2015,50
DERS,2016,50
DERS,2017,54
DERS,2018,77
DERS,2019,79
DERS,2020,104
DERS,2021,138
DERS,2022,164
DERS,2023,164
DERS,2024,151
DERS,2025,235
PCQ,2000,1
PCQ,2001,5
PCQ,2002,1
PCQ,2003,3
PCQ,2004,1
PCQ,2005,2
PCQ,2006,5
PCQ,2007,5
PCQ,2008,6
PCQ,2009,12
PCQ,2010,11
PCQ,2011,6
PCQ,2012,16
PCQ,2013,18
PCQ,2014,15
PCQ,2015,26
PCQ,2016,16
PCQ,2017,18
PCQ,2018,17
PCQ,2019,25
PCQ,2020,27
PCQ,2021,42
PCQ,2022,51
PCQ,2023,42
PCQ,2024,56
PCQ,2025,86
WEMWBS,2000,0
WEMWBS,2001,0
WEMWBS,2002,0
WEMWBS,2003,0
WEMWBS,2004,0
WEMWBS,2005,0
WEMWBS,2006,0
WEMWBS,2007,1
WEMWBS,2008,0
WEMWBS,2009,1
WEMWBS,2010,1
WEMWBS,2011,3
WEMWBS,2012,12
WEMWBS,2013,21
WEMWBS,2014,12
WEMWBS,2015,23
WEMWBS,2016,32
WEMWBS,2017,32
WEMWBS,2018,34
WEMWBS,2019,43
WEMWBS,2020,52
WEMWBS,2021,84
WEMWBS,2022,89
WEMWBS,2023,74
WEMWBS,2024,80
WEMWBS,2025,99
SWLS,2000,8
SWLS,2001,15
SWLS,2002,10
SWLS,2003,14
SWLS,2004,21
SWLS,2005,20
SWLS,2006,23
SWLS,2007,22
SWLS,2008,34
SWLS,2009,29
SWLS,2010,40
SWLS,2011,47
SWLS,2012,55
SWLS,2013,72
SWLS,2014,66
SWLS,2015,81
SWLS,2016,99
SWLS,2017,95
SWLS,2018,108
SWLS,2019,137
SWLS,2020,209
SWLS,2021,233
SWLS,2022,268
SWLS,2023,236
SWLS,2024,221
SWLS,2025,262
SDQ,2000,15
SDQ,2001,21
SDQ,2002,14
SDQ,2003,18
SDQ,2004,37
SDQ,2005,36
SDQ,2006,71
SDQ,2007,78
SDQ,2008,109
SDQ,2009,137
SDQ,2010,139
SDQ,2011,158
SDQ,2012,162
SDQ,2013,221
SDQ,2014,252
SDQ,2015,238
SDQ,2016,247
SDQ,2017,284
SDQ,2018,334
SDQ,2019,360
SDQ,2020,373
SDQ,2021,474
SDQ,2022,463
SDQ,2023,402
SDQ,2024,437
SDQ,2025,458
RCADS,2000,0
RCADS,2001,0
RCADS,2002,0
RCADS,2003,0
RCADS,2004,0
RCADS,2005,2
RCADS,2006,1
RCADS,2007,3
RCADS,2008,1
RCADS,2009,1
RCADS,2010,3
RCADS,2011,3
RCADS,2012,5
RCADS,2013,6
RCADS,2014,7
RCADS,2015,9
RCADS,2016,6
RCADS,2017,8
RCADS,2018,13
RCADS,2019,18
RCADS,2020,19
RCADS,2021,25
RCADS,2022,30
RCADS,2023,33
RCADS,2024,42
RCADS,2025,48
MBI,2000,33
MBI,2001,33
MBI,2002,50
MBI,2003,46
MBI,2004,50
MBI,2005,48
MBI,2006,87
MBI,2007,88
MBI,2008,112
MBI,2009,113
MBI,2010,114
MBI,2011,128
MBI,2012,183
MBI,2013,198
MBI,2014,233
MBI,2015,261
MBI,2016,278
MBI,2017,331
MBI,2018,420
MBI,2019,459
MBI,2020,615
MBI,2021,757
MBI,2022,840
MBI,2023,733
MBI,2024,720
MBI,2025,896
MHC-SF,2000,0
MHC-SF,2001,0
MHC-SF,2002,0
MHC-SF,2003,0
MHC-SF,2004,0
MHC-SF,2005,0
MHC-SF,2006,0
MHC-SF,2007,0
MHC-SF,2008,1
MHC-SF,2009,1
MHC-SF,2010,2
MHC-SF,2011,2
MHC-SF,2012,1
MHC-SF,2013,2
MHC-SF,2014,2
MHC-SF,2015,14
MHC-SF,2016,13
MHC-SF,2017,16
MHC-SF,2018,18
MHC-SF,2019,21
MHC-SF,2020,34
MHC-SF,2021,40
MHC-SF,2022,46
MHC-SF,2023,35
MHC-SF,2024,37
MHC-SF,2025,60
SAS-SR,2000,1
SAS-SR,2001,3
SAS-SR,2002,6
SAS-SR,2003,3
SAS-SR,2004,4
SAS-SR,2005,3
SAS-SR,2006,12
SAS-SR,2007,8
SAS-SR,2008,6
SAS-SR,2009,3
SAS-SR,2010,8
SAS-SR,2011,6
SAS-SR,2012,7
SAS-SR,2013,12
SAS-SR,2014,3
SAS-SR,2015,4
SAS-SR,2016,2
SAS-SR,2017,3
SAS-SR,2018,2
SAS-SR,2019,2
SAS-SR,2020,6
SAS-SR,2021,2
SAS-SR,2022,4
SAS-SR,2023,2
SAS-SR,2024,0
SAS-SR,2025,4
RRS,2000,139
RRS,2001,150
RRS,2002,157
RRS,2003,163
RRS,2004,197
RRS,2005,236
RRS,2006,258
RRS,2007,282
RRS,2008,315
RRS,2009,333
RRS,2010,448
RRS,2011,497
RRS,2012,588
RRS,2013,695
RRS,2014,815
RRS,2015,934
RRS,2016,898
RRS,2017,919
RRS,2018,931
RRS,2019,1066
RRS,2020,1106
RRS,2021,1217
RRS,2022,1300
RRS,2023,1208
RRS,2024,1227
RRS,2025,1621
AUDIT-C,2000,0
AUDIT-C,2001,2
AUDIT-C,2002,2
AUDIT-C,2003,2
AUDIT-C,2004,2
AUDIT-C,2005,8
AUDIT-C,2006,14
AUDIT-C,2007,14
AUDIT-C,2008,11
AUDIT-C,2009,17
AUDIT-C,2010,27
AUDIT-C,2011,25
AUDIT-C,2012,43
AUDIT-C,2013,62
AUDIT-C,2014,60
AUDIT-C,2015,59
AUDIT-C,2016,71
AUDIT-C,2017,73
AUDIT-C,2018,71
AUDIT-C,2019,90
AUDIT-C,2020,84
AUDIT-C,2021,125
AUDIT-C,2022,117
AUDIT-C,2023,119
AUDIT-C,2024,102
AUDIT-C,2025,115
AAQ-II,2000,0
AAQ-II,2001,0
AAQ-II,2002,0
AAQ-II,2003,0
AAQ-II,2004,0
AAQ-II,2005,0
AAQ-II,2006,0
AAQ-II,2007,0
AAQ-II,2008,0
AAQ-II,2009,1
AAQ-II,2010,4
AAQ-II,2011,8
AAQ-II,2012,4
AAQ-II,2013,8
AAQ-II,2014,14
AAQ-II,2015,10
AAQ-II,2016,11
AAQ-II,2017,13
AAQ-II,2018,18
AAQ-II,2019,21
AAQ-II,2020,26
AAQ-II,2021,50
AAQ-II,2022,39
AAQ-II,2023,47
AAQ-II,2024,35
AAQ-II,2025,62
WSAS,2000,1
WSAS,2001,0
WSAS,2002,2
WSAS,2003,1
WSAS,2004,0
WSAS,2005,6
WSAS,2006,5
WSAS,2007,2
WSAS,2008,5
WSAS,2009,7
WSAS,2010,9
WSAS,2011,15
WSAS,2012,17
WSAS,2013,21
WSAS,2014,25
WSAS,2015,16
WSAS,2016,27
WSAS,2017,20
WSAS,2018,38
WSAS,2019,26
WSAS,2020,37
WSAS,2021,41
WSAS,2022,37
WSAS,2023,29
WSAS,2024,47
WSAS,2025,32
MFQ,2000,2
MFQ,2001,2
MFQ,2002,7
MFQ,2003,6
MFQ,2004,8
MFQ,2005,4
MFQ,2006,10
MFQ,2007,6
MFQ,2008,9
MFQ,2009,5
MFQ,2010,10
MFQ,2011,15
MFQ,2012,20
MFQ,2013,18
MFQ,2014,19
MFQ,2015,16
MFQ,2016,22
MFQ,2017,20
MFQ,2018,26
MFQ,2019,22
MFQ,2020,31
MFQ,2021,40
MFQ,2022,29
MFQ,2023,35
MFQ,2024,40
MFQ,2025,48
PGI,2000,83
PGI,2001,98
PGI,2002,93
PGI,2003,99
PGI,2004,118
PGI,2005,107
PGI,2006,108
PGI,2007,136
PGI,2008,141
PGI,2009,146
PGI,2010,162
PGI,2011,148
PGI,2012,163
PGI,2013,148
PGI,2014,120
PGI,2015,132
PGI,2016,159
PGI,2017,201
PGI,2018,191
PGI,2019,182
PGI,2020,255
PGI,2021,280
PGI,2022,255
PGI,2023,256
PGI,2024,287
PGI,2025,333
RYFF-PWB,2000,0
RYFF-PWB,2001,0
RYFF-PWB,2002,0
RYFF-PWB,2003,0
RYFF-PWB,2004,0
RYFF-PWB,2005,0
RYFF-PWB,2006,0
RYFF-PWB,2007,0
RYFF-PWB,2008,0
RYFF-PWB,2009,0
RYFF-PWB,2010,0
RYFF-PWB,2011,0
RYFF-PWB,2012,0
RYFF-PWB,2013,0
RYFF-PWB,2014,0
RYFF-PWB,2015,0
RYFF-PWB,2016,0
RYFF-PWB,2017,0
RYFF-PWB,2018,0
RYFF-PWB,2019,0
RYFF-PWB,2020,0
RYFF-PWB,2021,0
RYFF-PWB,2022,0
RYFF-PWB,2023,0
RYFF-PWB,2024,1
RYFF-PWB,2025,0
BPNS,2000,1
BPNS,2001,0
BPNS,2002,0
BPNS,2003,2
BPNS,2004,0
BPNS,2005,3
BPNS,2006,1
BPNS,2007,0
BPNS,2008,0
BPNS,2009,2
BPNS,2010,5
BPNS,2011,4
BPNS,2012,3
BPNS,2013,3
BPNS,2014,4
BPNS,2015,3
BPNS,2016,6
BPNS,2017,9
BPNS,2018,15
BPNS,2019,16
BPNS,2020,28
BPNS,2021,28
BPNS,2022,38
BPNS,2023,37
BPNS,2024,47
BPNS,2025,56
MLQ,2000,2
MLQ,2001,0
MLQ,2002,2
MLQ,2003,1
MLQ,2004,3
MLQ,2005,1
MLQ,2006,2
MLQ,2007,3
MLQ,2008,2
MLQ,2009,1
MLQ,2010,5
MLQ,2011,5
MLQ,2012,7
MLQ,2013,9
MLQ,2014,14
MLQ,2015,9
MLQ,2016,8
MLQ,2017,13
MLQ,2018,13
MLQ,2019,17
MLQ,2020,31
MLQ,2021,31
MLQ,2022,50
MLQ,2023,50
MLQ,2024,59
MLQ,2025,68
COMPAS-W,2000,0
COMPAS-W,2001,0
COMPAS-W,2002,0
COMPAS-W,2003,0
COMPAS-W,2004,0
COMPAS-W,2005,0
COMPAS-W,2006,0
COMPAS-W,2007,0
COMPAS-W,2008,0
COMPAS-W,2009,0
COMPAS-W,2010,0
COMPAS-W,2011,0
COMPAS-W,2012,0
COMPAS-W,2013,0
COMPAS-W,2014,1
COMPAS-W,2015,0
COMPAS-W,2016,1
COMPAS-W,2017,0
COMPAS-W,2018,3
COMPAS-W,2019,1
COMPAS-W,2020,3
COMPAS-W,2021,6
COMPAS-W,2022,7
COMPAS-W,2023,2
COMPAS-W,2024,1
COMPAS-W,2025,4
SHS,2000,33
SHS,2001,33
SHS,2002,29
SHS,2003,25
SHS,2004,38
SHS,2005,46
SHS,2006,71
SHS,2007,60
SHS,2008,115
SHS,2009,144
SHS,2010,182
SHS,2011,210
SHS,2012,209
SHS,2013,271
SHS,2014,267
SHS,2015,300
SHS,2016,261
SHS,2017,255
SHS,2018,265
SHS,2019,309
SHS,2020,341
SHS,2021,359
SHS,2022,371
SHS,2023,318
SHS,2024,347
SHS,2025,383
PWI,2000,15
PWI,2001,25
PWI,2002,34
PWI,2003,31
PWI,2004,34
PWI,2005,38
PWI,2006,41
PWI,2007,46
PWI,2008,45
PWI,2009,54
PWI,2010,48
PWI,2011,65
PWI,2012,64
PWI,2013,69
PWI,2014,91
PWI,2015,74
PWI,2016,80
PWI,2017,76
PWI,2018,93
PWI,2019,109
PWI,2020,114
PWI,2021,122
PWI,2022,155
PWI,2023,132
PWI,2024,125
PWI,2025,126
PGIS-II,2000,0
PGIS-II,2001,0
PGIS-II,2002,0
PGIS-II,2003,0
PGIS-II,2004,0
PGIS-II,2005,0
PGIS-II,2006,0
PGIS-II,2007,0
PGIS-II,2008,0
PGIS-II,2009,0
PGIS-II,2010,0
PGIS-II,2011,0
PGIS-II,2012,1
PGIS-II,2013,1
PGIS-II,2014,3
PGIS-II,2015,1
PGIS-II,2016,0
PGIS-II,2017,0
PGIS-II,2018,2
PGIS-II,2019,0
PGIS-II,2020,0
PGIS-II,2021,0
PGIS-II,2022,1
PGIS-II,2023,1
PGIS-II,2024,2
PGIS-II,2025,4
LOT-R,2000,1
LOT-R,2001,0
LOT-R,2002,0
LOT-R,2003,1
LOT-R,2004,3
LOT-R,2005,4
LOT-R,2006,4
LOT-R,2007,6
LOT-R,2008,12
LOT-R,2009,12
LOT-R,2010,15
LOT-R,2011,22
LOT-R,2012,20
LOT-R,2013,22
LOT-R,2014,38
LOT-R,2015,30
LOT-R,2016,21
LOT-R,2017,37
LOT-R,2018,35
LOT-R,2019,33
LOT-R,2020,36
LOT-R,2021,61
LOT-R,2022,68
LOT-R,2023,37
LOT-R,2024,31
LOT-R,2025,30
SWB,2000,7
SWB,2001,10
SWB,2002,8
SWB,2003,11
SWB,2004,6
SWB,2005,9
SWB,2006,10
SWB,2007,20
SWB,2008,16
SWB,2009,22
SWB,2010,30
SWB,2011,38
SWB,2012,51
SWB,2013,45
SWB,2014,56
SWB,2015,64
SWB,2016,66
SWB,2017,81
SWB,2018,90
SWB,2019,106
SWB,2020,120
SWB,2021,150
SWB,2022,178
SWB,2023,150
SWB,2024,157
SWB,2025,212
FMI,2000,3
FMI,2001,6
FMI,2002,10
FMI,2003,10
FMI,2004,6
FMI,2005,16
FMI,2006,17
FMI,2007,20
FMI,2008,27
FMI,2009,35
FMI,2010,35
FMI,2011,61
FMI,2012,56
FMI,2013,60
FMI,2014,66
FMI,2015,83
FMI,2016,96
FMI,2017,95
FMI,2018,92
FMI,2019,125
FMI,2020,133
FMI,2021,185
FMI,2022,198
FMI,2023,162
FMI,2024,183
FMI,2025,175
MAAS,2000,13
MAAS,2001,3
MAAS,2002,20
MAAS,2003,18
MAAS,2004,17
MAAS,2005,17
MAAS,2006,27
MAAS,2007,24
MAAS,2008,31
MAAS,2009,32
MAAS,2010,36
MAAS,2011,41
MAAS,2012,41
MAAS,2013,50
MAAS,2014,66
MAAS,2015,63
MAAS,2016,69
MAAS,2017,68
MAAS,2018,72
MAAS,2019,113
MAAS,2020,102
MAAS,2021,136
MAAS,2022,173
MAAS,2023,145
MAAS,2024,133
MAAS,2025,186
RSE,2000,28
RSE,2001,33
RSE,2002,33
RSE,2003,32
RSE,2004,37
RSE,2005,46
RSE,2006,72
RSE,2007,79
RSE,2008,77
RSE,2009,67
RSE,2010,87
RSE,2011,96
RSE,2012,133
RSE,2013,158
RSE,2014,141
RSE,2015,166
RSE,2016,173
RSE,2017,159
RSE,2018,179
RSE,2019,239
RSE,2020,267
RSE,2021,295
RSE,2022,264
RSE,2023,315
RSE,2024,297
RSE,2025,369
QOLS,2000,34
QOLS,2001,33
QOLS,2002,36
QOLS,2003,45
QOLS,2004,70
QOLS,2005,88
QOLS,2006,82
QOLS,2007,89
QOLS,2008,102
QOLS,2009,109
QOLS,2010,138
QOLS,2011,171
QOLS,2012,185
QOLS,2013,168
QOLS,2014,175
QOLS,2015,208
QOLS,2016,201
QOLS,2017,236
QOLS,2018,212
QOLS,2019,231
QOLS,2020,320
QOLS,2021,357
QOLS,2022,402
QOLS,2023,411
QOLS,2024,442
QOLS,2025,525
FFMQ,2000,0
FFMQ,2001,0
FFMQ,2002,0
FFMQ,2003,0
FFMQ,2004,0
FFMQ,2005,0
FFMQ,2006,0
FFMQ,2007,0
FFMQ,2008,1
FFMQ,2009,1
FFMQ,2010,3
FFMQ,2011,8
FFMQ,2012,11
FFMQ,2013,18
FFMQ,2014,21
FFMQ,2015,34
FFMQ,2016,29
FFMQ,2017,41
FFMQ,2018,44
FFMQ,2019,56
FFMQ,2020,69
FFMQ,2021,65
FFMQ,2022,82
FFMQ,2023,78
FFMQ,2024,75
FFMQ,2025,94
SCS,2000,97
SCS,2001,83
SCS,2002,93
SCS,2003,121
SCS,2004,162
SCS,2005,162
SCS,2006,219
SCS,2007,286
SCS,2008,282
SCS,2009,356
SCS,2010,393
SCS,2011,478
SCS,2012,519
SCS,2013,594
SCS,2014,647
SCS,2015,719
SCS,2016,781
SCS,2017,855
SCS,2018,935
SCS,2019,1032
SCS,2020,1240
SCS,2021,1379
SCS,2022,1541
SCS,2023,1518
SCS,2024,1582
SCS,2025,1751
PERMA-P,2000,0
PERMA-P,2001,0
PERMA-P,2002,0
PERMA-P,2003,0
PERMA-P,2004,0
PERMA-P,2005,0
PERMA-P,2006,0
PERMA-P,2007,0
PERMA-P,2008,0
PERMA-P,2009,0
PERMA-P,2010,0
PERMA-P,2011,0
PERMA-P,2012,0
PERMA-P,2013,0
PERMA-P,2014,0
PERMA-P,2015,0
PERMA-P,2016,0
PERMA-P,2017,0
PERMA-P,2018,3
PERMA-P,2019,3
PERMA-P,2020,6
PERMA-P,2021,9
PERMA-P,2022,11
PERMA-P,2023,19
PERMA-P,2024,10
PERMA-P,2025,17
SBI,2000,22
SBI,2001,25
SBI,2002,20
SBI,2003,34
SBI,2004,26
SBI,2005,38
SBI,2006,38
SBI,2007,37
SBI,2008,54
SBI,2009,62
SBI,2010,90
SBI,2011,86
SBI,2012,104
SBI,2013,107
SBI,2014,82
SBI,2015,103
SBI,2016,105
SBI,2017,113
SBI,2018,124
SBI,2019,146
SBI,2020,166
SBI,2021,219
SBI,2022,214
SBI,2023,176
SBI,2024,238
SBI,2025,228
EPOCH,2000,74
EPOCH,2001,85
EPOCH,2002,74
EPOCH,2003,74
EPOCH,2004,101
EPOCH,2005,111
EPOCH,2006,106
EPOCH,2007,122
EPOCH,2008,121
EPOCH,2009,134
EPOCH,2010,165
EPOCH,2011,184
EPOCH,2012,178
EPOCH,2013,218
EPOCH,2014,240
EPOCH,2015,246
EPOCH,2016,269
EPOCH,2017,304
EPOCH,2018,327
EPOCH,2019,367
EPOCH,2020,418
EPOCH,2021,482
EPOCH,2022,501
EPOCH,2023,467
EPOCH,2024,448
EPOCH,2025,470
SPF-IL,2000,1
SPF-IL,2001,0
SPF-IL,2002,2
SPF-IL,2003,0
SPF-IL,2004,0
SPF-IL,2005,1
SPF-IL,2006,0
SPF-IL,2007,0
SPF-IL,2008,0
SPF-IL,2009,0
SPF-IL,2010,1
SPF-IL,2011,2
SPF-IL,2012,2
SPF-IL,2013,1
SPF-IL,2014,0
SPF-IL,2015,0
SPF-IL,2016,1
SPF-IL,2017,0
SPF-IL,2018,1
SPF-IL,2019,0
SPF-IL,2020,0
SPF-IL,2021,0
SPF-IL,2022,0
SPF-IL,2023,0
SPF-IL,2024,0
SPF-IL,2025,0
BSSI,2000,3
BSSI,2001,1
BSSI,2002,1
BSSI,2003,1
BSSI,2004,0
BSSI,2005,0
BSSI,2006,1
BSSI,2007,2
BSSI,2008,1
BSSI,2009,3
BSSI,2010,3
BSSI,2011,2
BSSI,2012,7
BSSI,2013,3
BSSI,2014,9
BSSI,2015,7
BSSI,2016,8
BSSI,2017,8
BSSI,2018,14
BSSI,2019,21
BSSI,2020,20
BSSI,2021,24
BSSI,2022,23
BSSI,2023,26
BSSI,2024,34
BSSI,2025,52
LSAS,2000,9
LSAS,2001,10
LSAS,2002,13
LSAS,2003,10
LSAS,2004,24
LSAS,2005,17
LSAS,2006,26
LSAS,2007,13
LSAS,2008,18
LSAS,2009,21
LSAS,2010,15
LSAS,2011,38
LSAS,2012,38
LSAS,2013,42
LSAS,2014,38
LSAS,2015,35
LSAS,2016,41
LSAS,2017,36
LSAS,2018,40
LSAS,2019,45
LSAS,2020,47
LSAS,2021,58
LSAS,2022,58
LSAS,2023,55
LSAS,2024,52
LSAS,2025,68
DTS,2000,32
DTS,2001,15
DTS,2002,23
DTS,2003,27
DTS,2004,28
DTS,2005,32
DTS,2006,49
DTS,2007,64
DTS,2008,65
DTS,2009,56
DTS,2010,73
DTS,2011,90
DTS,2012,105
DTS,2013,105
DTS,2014,108
DTS,2015,111
DTS,2016,117
DTS,2017,115
DTS,2018,122
DTS,2019,147
DTS,2020,159
DTS,2021,188
DTS,2022,203
DTS,2023,234
DTS,2024,291
DTS,2025,322
ZSDS,2000,15
ZSDS,2001,13
ZSDS,2002,19
ZSDS,2003,20
ZSDS,2004,19
ZSDS,2005,25
ZSDS,2006,17
ZSDS,2007,24
ZSDS,2008,40
ZSDS,2009,29
ZSDS,2010,32
ZSDS,2011,37
ZSDS,2012,36
ZSDS,2013,55
ZSDS,2014,44
ZSDS,2015,48
ZSDS,2016,47
ZSDS,2017,49
ZSDS,2018,40
ZSDS,2019,41
ZSDS,2020,54
ZSDS,2021,67
ZSDS,2022,68
ZSDS,2023,51
ZSDS,2024,38
ZSDS,2025,48
ZSAS,2000,0
ZSAS,2001,1
ZSAS,2002,2
ZSAS,2003,1
ZSAS,2004,1
ZSAS,2005,3
ZSAS,2006,2
ZSAS,2007,4
ZSAS,2008,4
ZSAS,2009,4
ZSAS,2010,6
ZSAS,2011,7
ZSAS,2012,18
ZSAS,2013,20
ZSAS,2014,17
ZSAS,2015,25
ZSAS,2016,9
ZSAS,2017,12
ZSAS,2018,23
ZSAS,2019,24
ZSAS,2020,44
ZSAS,2021,35
ZSAS,2022,34
ZSAS,2023,25
ZSAS,2024,26
ZSAS,2025,37
YBOCS-II,2000,0
YBOCS-II,2001,0
YBOCS-II,2002,0
YBOCS-II,2003,0
YBOCS-II,2004,0
YBOCS-II,2005,0
YBOCS-II,2006,0
YBOCS-II,2007,0
YBOCS-II,2008,0
YBOCS-II,2009,0
YBOCS-II,2010,0
YBOCS-II,2011,0
YBOCS-II,2012,0
YBOCS-II,2013,0
YBOCS-II,2014,0
YBOCS-II,2015,1
YBOCS-II,2016,0
YBOCS-II,2017,0
YBOCS-II,2018,0
YBOCS-II,2019,0
YBOCS-II,2020,0
YBOCS-II,2021,0
YBOCS-II,2022,0
YBOCS-II,2023,0
YBOCS-II,2024,1
YBOCS-II,2025,0
PSAS,2000,14
PSAS,2001,15
PSAS,2002,11
PSAS,2003,9
PSAS,2004,19
PSAS,2005,15
PSAS,2006,15
PSAS,2007,19
PSAS,2008,24
PSAS,2009,25
PSAS,2010,40
PSAS,2011,43
PSAS,2012,31
PSAS,2013,50
PSAS,2014,48
PSAS,2015,44
PSAS,2016,54
PSAS,2017,65
PSAS,2018,62
PSAS,2019,72
PSAS,2020,89
PSAS,2021,95
PSAS,2022,111
PSAS,2023,114
PSAS,2024,125
PSAS,2025,144
SIAS,2000,7
SIAS,2001,3
SIAS,2002,5
SIAS,2003,9
SIAS,2004,12
SIAS,2005,14
SIAS,2006,15
SIAS,2007,16
SIAS,2008,17
SIAS,2009,31
SIAS,2010,30
SIAS,2011,40
SIAS,2012,31
SIAS,2013,40
SIAS,2014,54
SIAS,2015,47
SIAS,2016,55
SIAS,2017,57
SIAS,2018,58
SIAS,2019,59
SIAS,2020,64
SIAS,2021,82
SIAS,2022,70
SIAS,2023,65
SIAS,2024,66
SIAS,2025,75
CSSQ,2000,4
CSSQ,2001,5
CSSQ,2002,2
CSSQ,2003,3
CSSQ,2004,8
CSSQ,2005,6
CSSQ,2006,16
CSSQ,2007,6
CSSQ,2008,3
CSSQ,2009,9
CSSQ,2010,13
CSSQ,2011,7
CSSQ,2012,8
CSSQ,2013,12
CSSQ,2014,11
CSSQ,2015,16
CSSQ,2016,22
CSSQ,2017,19
CSSQ,2018,33
CSSQ,2019,24
CSSQ,2020,32
CSSQ,2021,42
CSSQ,2022,57
CSSQ,2023,56
CSSQ,2024,47
CSSQ,2025,68
PSQ,2000,4
PSQ,2001,5
PSQ,2002,9
PSQ,2003,8
PSQ,2004,13
PSQ,2005,11
PSQ,2006,23
PSQ,2007,14
PSQ,2008,11
PSQ,2009,24
PSQ,2010,29
PSQ,2011,52
PSQ,2012,39
PSQ,2013,40
PSQ,2014,48
PSQ,2015,59
PSQ,2016,84
PSQ,2017,76
PSQ,2018,78
PSQ,2019,89
PSQ,2020,133
PSQ,2021,132
PSQ,2022,137
PSQ,2023,124
PSQ,2024,133
PSQ,2025,193
ASRS,2000,4
ASRS,2001,6
ASRS,2002,6
ASRS,2003,11
ASRS,2004,11
ASRS,2005,11
ASRS,2006,18
ASRS,2007,21
ASRS,2008,26
ASRS,2009,27
ASRS,2010,41
ASRS,2011,35
ASRS,2012,61
ASRS,2013,77
ASRS,2014,66
ASRS,2015,92
ASRS,2016,94
ASRS,2017,95
ASRS,2018,116
ASRS,2019,98
ASRS,2020,126
ASRS,2021,159
ASRS,2022,177
ASRS,2023,184
ASRS,2024,233
ASRS,2025,502
SAPS,2000,66
SAPS,2001,75
SAPS,2002,79
SAPS,2003,92
SAPS,2004,91
SAPS,2005,113
SAPS,2006,114
SAPS,2007,122
SAPS,2008,139
SAPS,2009,125
SAPS,2010,127
SAPS,2011,151
SAPS,2012,173
SAPS,2013,195
SAPS,2014,217
SAPS,2015,203
SAPS,2016,229
SAPS,2017,235
SAPS,2018,243
SAPS,2019,227
SAPS,2020,241
SAPS,2021,325
SAPS,2022,315
SAPS,2023,279
SAPS,2024,297
SAPS,2025,358
CDRS-R,2000,1
CDRS-R,2001,1
CDRS-R,2002,4
CDRS-R,2003,4
CDRS-R,2004,6
CDRS-R,2005,4
CDRS-R,2006,15
CDRS-R,2007,20
CDRS-R,2008,7
CDRS-R,2009,21
CDRS-R,2010,16
CDRS-R,2011,9
CDRS-R,2012,12
CDRS-R,2013,12
CDRS-R,2014,23
CDRS-R,2015,12
CDRS-R,2016,13
CDRS-R,2017,16
CDRS-R,2018,15
CDRS-R,2019,15
CDRS-R,2020,20
CDRS-R,2021,21
CDRS-R,2022,24
CDRS-R,2023,19
CDRS-R,2024,17
CDRS-R,2025,26
CBCL-YSR,2000,3
CBCL-YSR,2001,1
CBCL-YSR,2002,3
CBCL-YSR,2003,7
CBCL-YSR,2004,4
CBCL-YSR,2005,1
CBCL-YSR,2006,2
CBCL-YSR,2007,2
CBCL-YSR,2008,4
CBCL-YSR,2009,4
CBCL-YSR,2010,5
CBCL-YSR,2011,3
CBCL-YSR,2012,0
CBCL-YSR,2013,5
CBCL-YSR,2014,3
CBCL-YSR,2015,6
CBCL-YSR,2016,5
CBCL-YSR,2017,2
CBCL-YSR,2018,2
CBCL-YSR,2019,2
CBCL-YSR,2020,3
CBCL-YSR,2021,3
CBCL-YSR,2022,2
CBCL-YSR,2023,3
CBCL-YSR,2024,5
CBCL-YSR,2025,1
DSHI,2000,0
DSHI,2001,0
DSHI,2002,0
DSHI,2003,0
DSHI,2004,0
DSHI,2005,0
DSHI,2006,1
DSHI,2007,1
DSHI,2008,1
DSHI,2009,1
DSHI,2010,2
DSHI,2011,3
DSHI,2012,6
DSHI,2013,7
DSHI,2014,4
DSHI,2015,1
DSHI,2016,1
DSHI,2017,4
DSHI,2018,6
DSHI,2019,1
DSHI,2020,6
DSHI,2021,9
DSHI,2022,11
DSHI,2023,12
DSHI,2024,10
DSHI,2025,17
PCL-C,2000,5
PCL-C,2001,1
PCL-C,2002,5
PCL-C,2003,8
PCL-C,2004,4
PCL-C,2005,5
PCL-C,2006,8
PCL-C,2007,11
PCL-C,2008,13
PCL-C,2009,12
PCL-C,2010,18
PCL-C,2011,29
PCL-C,2012,30
PCL-C,2013,42
PCL-C,2014,37
PCL-C,2015,46
PCL-C,2016,60
PCL-C,2017,68
PCL-C,2018,54
PCL-C,2019,35
PCL-C,2020,58
PCL-C,2021,60
PCL-C,2022,77
PCL-C,2023,54
PCL-C,2024,58
PCL-C,2025,53
CTQ,2000,4
CTQ,2001,15
CTQ,2002,10
CTQ,2003,17
CTQ,2004,16
CTQ,2005,11
CTQ,2006,17
CTQ,2007,30
CTQ,2008,24
CTQ,2009,41
CTQ,2010,51
CTQ,2011,66
CTQ,2012,72
CTQ,2013,101
CTQ,2014,125
CTQ,2015,135
CTQ,2016,131
CTQ,2017,158
CTQ,2018,195
CTQ,2019,204
CTQ,2020,248
CTQ,2021,273
CTQ,2022,317
CTQ,2023,313
CTQ,2024,309
CTQ,2025,371
VIA-IS,2000,4
VIA-IS,2001,0
VIA-IS,2002,1
VIA-IS,2003,6
VIA-IS,2004,2
VIA-IS,2005,5
VIA-IS,2006,4
VIA-IS,2007,2
VIA-IS,2008,1
VIA-IS,2009,3
VIA-IS,2010,4
VIA-IS,2011,11
VIA-IS,2012,7
VIA-IS,2013,7
VIA-IS,2014,11
VIA-IS,2015,15
VIA-IS,2016,4
VIA-IS,2017,8
VIA-IS,2018,11
VIA-IS,2019,8
VIA-IS,2020,12
VIA-IS,2021,15
VIA-IS,2022,16
VIA-IS,2023,13
VIA-IS,2024,14
VIA-IS,2025,11
GRIT-S,2000,0
GRIT-S,2001,0
GRIT-S,2002,0
GRIT-S,2003,0
GRIT-S,2004,0
GRIT-S,2005,0
GRIT-S,2006,0
GRIT-S,2007,0
GRIT-S,2008,0
GRIT-S,2009,1
GRIT-S,2010,0
GRIT-S,2011,0
GRIT-S,2012,1
GRIT-S,2013,3
GRIT-S,2014,1
GRIT-S,2015,0
GRIT-S,2016,4
GRIT-S,2017,4
GRIT-S,2018,8
GRIT-S,2019,13
GRIT-S,2020,20
GRIT-S,2021,25
GRIT-S,2022,27
GRIT-S,2023,28
GRIT-S,2024,25
GRIT-S,2025,25
SPQ,2000,14
SPQ,2001,16
SPQ,2002,10
SPQ,2003,9
SPQ,2004,21
SPQ,2005,11
SPQ,2006,22
SPQ,2007,23
SPQ,2008,33
SPQ,2009,31
SPQ,2010,36
SPQ,2011,34
SPQ,2012,35
SPQ,2013,40
SPQ,2014,42
SPQ,2015,49
SPQ,2016,53
SPQ,2017,56
SPQ,2018,48
SPQ,2019,41
SPQ,2020,70
SPQ,2021,58
SPQ,2022,62
SPQ,2023,47
SPQ,2024,52
SPQ,2025,52
MPSS,2000,4
MPSS,2001,7
MPSS,2002,14
MPSS,2003,10
MPSS,2004,28
MPSS,2005,32
MPSS,2006,34
MPSS,2007,31
MPSS,2008,37
MPSS,2009,43
MPSS,2010,30
MPSS,2011,34
MPSS,2012,35
MPSS,2013,27
MPSS,2014,38
MPSS,2015,44
MPSS,2016,46
MPSS,2017,43
MPSS,2018,28
MPSS,2019,43
MPSS,2020,51
MPSS,2021,56
MPSS,2022,58
MPSS,2023,76
MPSS,2024,71
MPSS,2025,67
OCI-R,2000,0
OCI-R,2001,0
OCI-R,2002,1
OCI-R,2003,0
OCI-R,2004,3
OCI-R,2005,2
OCI-R,2006,2
OCI-R,2007,7
OCI-R,2008,8
OCI-R,2009,7
OCI-R,2010,13
OCI-R,2011,14
OCI-R,2012,7
OCI-R,2013,9
OCI-R,2014,16
OCI-R,2015,13
OCI-R,2016,15
OCI-R,2017,16
OCI-R,2018,14
OCI-R,2019,23
OCI-R,2020,24
OCI-R,2021,38
OCI-R,2022,23
OCI-R,2023,29
OCI-R,2024,22
OCI-R,2025,44
FTND,2000,11
FTND,2001,7
FTND,2002,8
FTND,2003,26
FTND,2004,24
FTND,2005,28
FTND,2006,44
FTND,2007,54
FTND,2008,55
FTND,2009,49
FTND,2010,59
FTND,2011,66
FTND,2012,77
FTND,2013,62
FTND,2014,68
FTND,2015,74
FTND,2016,59
FTND,2017,60
FTND,2018,65
FTND,2019,57
FTND,2020,58
FTND,2021,73
FTND,2022,74
FTND,2023,60
FTND,2024,48
FTND,2025,66
BES,2000,34
BES,2001,46
BES,2002,36
BES,2003,34
BES,2004,36
BES,2005,48
BES,2006,58
BES,2007,52
BES,2008,79
BES,2009,103
BES,2010,127
BES,2011,131
BES,2012,147
BES,2013,138
BES,2014,169
BES,2015,173
BES,2016,180
BES,2017,174
BES,2018,193
BES,2019,207
BES,2020,229
BES,2021,257
BES,2022,286
BES,2023,238
BES,2024,269
BES,2025,283
EDE-Q,2000,3
EDE-Q,2001,9
EDE-Q,2002,3
EDE-Q,2003,2
EDE-Q,2004,6
EDE-Q,2005,12
EDE-Q,2006,15
EDE-Q,2007,17
EDE-Q,2008,22
EDE-Q,2009,20
EDE-Q,2010,28
EDE-Q,2011,38
EDE-Q,2012,43
EDE-Q,2013,51
EDE-Q,2014,51
EDE-Q,2015,62
EDE-Q,2016,59
EDE-Q,2017,68
EDE-Q,2018,73
EDE-Q,2019,95
EDE-Q,2020,116
EDE-Q,2021,134
EDE-Q,2022,128
EDE-Q,2023,124
EDE-Q,2024,124
EDE-Q,2025,206
MFI,2000,39
MFI,2001,58
MFI,2002,56
MFI,2003,69
MFI,2004,71
MFI,2005,95
MFI,2006,116
MFI,2007,108
MFI,2008,132
MFI,2009,151
MFI,2010,164
MFI,2011,185
MFI,2012,219
MFI,2013,290
MFI,2014,248
MFI,2015,280
MFI,2016,280
MFI,2017,321
MFI,2018,376
MFI,2019,394
MFI,2020,498
MFI,2021,539
MFI,2022,593
MFI,2023,594
MFI,2024,661
MFI,2025,722
TICS,2000,62
TICS,2001,86
TICS,2002,64
TICS,2003,96
TICS,2004,117
TICS,2005,112
TICS,2006,118
TICS,2007,123
TICS,2008,145
TICS,2009,171
TICS,2010,196
TICS,2011,212
TICS,2012,249
TICS,2013,278
TICS,2014,298
TICS,2015,314
TICS,2016,314
TICS,2017,272
TICS,2018,243
TICS,2019,267
TICS,2020,330
TICS,2021,404
TICS,2022,371
TICS,2023,355
TICS,2024,327
TICS,2025,335
MAIA,2000,10
MAIA,2001,5
MAIA,2002,7
MAIA,2003,4
MAIA,2004,5
MAIA,2005,5
MAIA,2006,7
MAIA,2007,5
MAIA,2008,5
MAIA,2009,5
MAIA,2010,5
MAIA,2011,4
MAIA,2012,4
MAIA,2013,10
MAIA,2014,8
MAIA,2015,19
MAIA,2016,26
MAIA,2017,41
MAIA,2018,42
MAIA,2019,33
MAIA,2020,49
MAIA,2021,81
MAIA,2022,73
MAIA,2023,82
MAIA,2024,95
MAIA,2025,131
MSPSS,2000,3
MSPSS,2001,1
MSPSS,2002,3
MSPSS,2003,11
MSPSS,2004,7
MSPSS,2005,3
MSPSS,2006,10
MSPSS,2007,11
MSPSS,2008,13
MSPSS,2009,20
MSPSS,2010,22
MSPSS,2011,33
MSPSS,2012,38
MSPSS,2013,44
MSPSS,2014,56
MSPSS,2015,64
MSPSS,2016,66
MSPSS,2017,73
MSPSS,2018,106
MSPSS,2019,92
MSPSS,2020,143
MSPSS,2021,180
MSPSS,2022,208
MSPSS,2023,194
MSPSS,2024,231
MSPSS,2025,285
UCLA-LS,2000,4
UCLA-LS,2001,4
UCLA-LS,2002,7
UCLA-LS,2003,7
UCLA-LS,2004,12
UCLA-LS,2005,7
UCLA-LS,2006,10
UCLA-LS,2007,8
UCLA-LS,2008,9
UCLA-LS,2009,9
UCLA-LS,2010,7
UCLA-LS,2011,14
UCLA-LS,2012,23
UCLA-LS,2013,16
UCLA-LS,2014,28
UCLA-LS,2015,24
UCLA-LS,2016,25
UCLA-LS,2017,21
UCLA-LS,2018,32
UCLA-LS,2019,50
UCLA-LS,2020,78
UCLA-LS,2021,136
UCLA-LS,2022,144
UCLA-LS,2023,130
UCLA-LS,2024,171
UCLA-LS,2025,238
CSQ-R,2000,0
CSQ-R,2001,0
CSQ-R,2002,1
CSQ-R,2003,0
CSQ-R,2004,1
CSQ-R,2005,0
CSQ-R,2006,0
CSQ-R,2007,1
CSQ-R,2008,0
CSQ-R,2009,1
CSQ-R,2010,0
CSQ-R,2011,0
CSQ-R,2012,1
CSQ-R,2013,1
CSQ-R,2014,2
CSQ-R,2015,2
CSQ-R,2016,0
CSQ-R,2017,0
CSQ-R,2018,3
CSQ-R,2019,3
CSQ-R,2020,1
CSQ-R,2021,2
CSQ-R,2022,2
CSQ-R,2023,2
CSQ-R,2024,2
CSQ-R,2025,4
DERS-SF,2000,0
DERS-SF,2001,0
DERS-SF,2002,0
DERS-SF,2003,0
DERS-SF,2004,0
DERS-SF,2005,0
DERS-SF,2006,0
DERS-SF,2007,0
DERS-SF,2008,0
DERS-SF,2009,0
DERS-SF,2010,0
DERS-SF,2011,0
DERS-SF,2012,0
DERS-SF,2013,0
DERS-SF,2014,0
DERS-SF,2015,1
DERS-SF,2016,1
DERS-SF,2017,0
DERS-SF,2018,2
DERS-SF,2019,3
DERS-SF,2020,0
DERS-SF,2021,3
DERS-SF,2022,7
DERS-SF,2023,3
DERS-SF,2024,12
DERS-SF,2025,13
RSES-SF,2000,0
RSES-SF,2001,0
RSES-SF,2002,0
RSES-SF,2003,0
RSES-SF,2004,0
RSES-SF,2005,0
RSES-SF,2006,0
RSES-SF,2007,0
RSES-SF,2008,0
RSES-SF,2009,0
RSES-SF,2010,0
RSES-SF,2011,0
RSES-SF,2012,0
RSES-SF,2013,0
RSES-SF,2014,0
RSES-SF,2015,0
RSES-SF,2016,0
RSES-SF,2017,0
RSES-SF,2018,0
RSES-SF,2019,0
RSES-SF,2020,0
RSES-SF,2021,0
RSES-SF,2022,0
RSES-SF,2023,0
RSES-SF,2024,0
RSES-SF,2025,0
SRIS,2000,16
SRIS,2001,11
SRIS,2002,23
SRIS,2003,11
SRIS,2004,18
SRIS,2005,21
SRIS,2006,32
SRIS,2007,20
SRIS,2008,20
SRIS,2009,20
SRIS,2010,13
SRIS,2011,20
SRIS,2012,22
SRIS,2013,25
SRIS,2014,21
SRIS,2015,31
SRIS,2016,30
SRIS,2017,15
SRIS,2018,21
SRIS,2019,28
SRIS,2020,27
SRIS,2021,29
SRIS,2022,33
SRIS,2023,31
SRIS,2024,21
SRIS,2025,36
WBSI,2000,0
WBSI,2001,1
WBSI,2002,1
WBSI,2003,1
WBSI,2004,2
WBSI,2005,2
WBSI,2006,2
WBSI,2007,1
WBSI,2008,2
WBSI,2009,3
WBSI,2010,4
WBSI,2011,4
WBSI,2012,7
WBSI,2013,6
WBSI,2014,5
WBSI,2015,3
WBSI,2016,0
WBSI,2017,1
WBSI,2018,3
WBSI,2019,6
WBSI,2020,1
WBSI,2021,3
WBSI,2022,7
WBSI,2023,3
WBSI,2024,0
WBSI,2025,3
SRS-Therapy,2000,0
SRS-Therapy,2001,0
SRS-Therapy,2002,0
SRS-Therapy,2003,0
SRS-Therapy,2004,0
SRS-Therapy,2005,0
SRS-Therapy,2006,0
SRS-Therapy,2007,0
SRS-Therapy,2008,0
SRS-Therapy,2009,1
SRS-Therapy,2010,2
SRS-Therapy,2011,0
SRS-Therapy,2012,1
SRS-Therapy,2013,1
SRS-Therapy,2014,3
SRS-Therapy,2015,5
SRS-Therapy,2016,3
SRS-Therapy,2017,6
SRS-Therapy,2018,4
SRS-Therapy,2019,5
SRS-Therapy,2020,9
SRS-Therapy,2021,6
SRS-Therapy,2022,14
SRS-Therapy,2023,8
SRS-Therapy,2024,5
SRS-Therapy,2025,5
MSI-BPD,2000,0
MSI-BPD,2001,0
MSI-BPD,2002,0
MSI-BPD,2003,1
MSI-BPD,2004,0
MSI-BPD,2005,0
MSI-BPD,2006,0
MSI-BPD,2007,2
MSI-BPD,2008,4
MSI-BPD,2009,3
MSI-BPD,2010,1
MSI-BPD,2011,2
MSI-BPD,2012,0
MSI-BPD,2013,1
MSI-BPD,2014,2
MSI-BPD,2015,2
MSI-BPD,2016,1
MSI-BPD,2017,1
MSI-BPD,2018,3
MSI-BPD,2019,5
MSI-BPD,2020,4
MSI-BPD,2021,6
MSI-BPD,2022,5
MSI-BPD,2023,4
MSI-BPD,2024,5
MSI-BPD,2025,10
SOFAS,2000,3
SOFAS,2001,4
SOFAS,2002,1
SOFAS,2003,11
SOFAS,2004,4
SOFAS,2005,7
SOFAS,2006,5
SOFAS,2007,10
SOFAS,2008,12
SOFAS,2009,12
SOFAS,2010,20
SOFAS,2011,22
SOFAS,2012,17
SOFAS,2013,13
SOFAS,2014,23
SOFAS,2015,20
SOFAS,2016,17
SOFAS,2017,18
SOFAS,2018,19
SOFAS,2019,18
SOFAS,2020,25
SOFAS,2021,29
SOFAS,2022,28
SOFAS,2023,26
SOFAS,2024,19
SOFAS,2025,20
TSK,2000,30
TSK,2001,42
TSK,2002,45
TSK,2003,40
TSK,2004,61
TSK,2005,47
TSK,2006,46
TSK,2007,55
TSK,2008,50
TSK,2009,49
TSK,2010,59
TSK,2011,52
TSK,2012,74
TSK,2013,68
TSK,2014,79
TSK,2015,78
TSK,2016,83
TSK,2017,107
TSK,2018,94
TSK,2019,108
TSK,2020,150
TSK,2021,162
TSK,2022,190
TSK,2023,173
TSK,2024,181
TSK,2025,257
PHQ-A,2000,2
PHQ-A,2001,0
PHQ-A,2002,2
PHQ-A,2003,3
PHQ-A,2004,0
PHQ-A,2005,1
PHQ-A,2006,1
PHQ-A,2007,2
PHQ-A,2008,2
PHQ-A,2009,1
PHQ-A,2010,1
PHQ-A,2011,2
PHQ-A,2012,2
PHQ-A,2013,2
PHQ-A,2014,1
PHQ-A,2015,1
PHQ-A,2016,1
PHQ-A,2017,3
PHQ-A,2018,3
PHQ-A,2019,4
PHQ-A,2020,6
PHQ-A,2021,5
PHQ-A,2022,10
PHQ-A,2023,13
PHQ-A,2024,18
PHQ-A,2025,24
HONOS,2000,13
HONOS,2001,7
HONOS,2002,13
HONOS,2003,8
HONOS,2004,13
HONOS,2005,10
HONOS,2006,12
HONOS,2007,24
HONOS,2008,15
HONOS,2009,20
HONOS,2010,22
HONOS,2011,24
HONOS,2012,29
HONOS,2013,27
HONOS,2014,31
HONOS,2015,28
HONOS,2016,29
HONOS,2017,30
HONOS,2018,33
HONOS,2019,31
HONOS,2020,29
HONOS,2021,38
HONOS,2022,25
HONOS,2023,33
HONOS,2024,31
HONOS,2025,34
Q-LES-Q,2000,3
Q-LES-Q,2001,2
Q-LES-Q,2002,5
Q-LES-Q,2003,7
Q-LES-Q,2004,6
Q-LES-Q,2005,16
Q-LES-Q,2006,11
Q-LES-Q,2007,16
Q-LES-Q,2008,15
Q-LES-Q,2009,13
Q-LES-Q,2010,22
Q-LES-Q,2011,31
Q-LES-Q,2012,22
Q-LES-Q,2013,29
Q-LES-Q,2014,18
Q-LES-Q,2015,26
Q-LES-Q,2016,25
Q-LES-Q,2017,29
Q-LES-Q,2018,21
Q-LES-Q,2019,25
Q-LES-Q,2020,18
Q-LES-Q,2021,24
Q-LES-Q,2022,22
Q-LES-Q,2023,17
Q-LES-Q,2024,16
Q-LES-Q,2025,30
QoL-BD,2000,0
QoL-BD,2001,0
QoL-BD,2002,0
QoL-BD,2003,0
QoL-BD,2004,0
QoL-BD,2005,0
QoL-BD,2006,0
QoL-BD,2007,0
QoL-BD,2008,0
QoL-BD,2009,0
QoL-BD,2010,1
QoL-BD,2011,1
QoL-BD,2012,0
QoL-BD,2013,0
QoL-BD,2014,0
QoL-BD,2015,3
QoL-BD,2016,4
QoL-BD,2017,0
QoL-BD,2018,1
QoL-BD,2019,0
QoL-BD,2020,5
QoL-BD,2021,5
QoL-BD,2022,1
QoL-BD,2023,0
QoL-BD,2024,3
QoL-BD,2025,3
PI-WSUR,2000,0
PI-WSUR,2001,0
PI-WSUR,2002,0
PI-WSUR,2003,0
PI-WSUR,2004,0
PI-WSUR,2005,1
PI-WSUR,2006,0
PI-WSUR,2007,1
PI-WSUR,2008,1
PI-WSUR,2009,1
PI-WSUR,2010,1
PI-WSUR,2011,1
PI-WSUR,2012,0
PI-WSUR,2013,1
PI-WSUR,2014,1
PI-WSUR,2015,1
PI-WSUR,2016,1
PI-WSUR,2017,1
PI-WSUR,2018,1
PI-WSUR,2019,1
PI-WSUR,2020,1
PI-WSUR,2021,2
PI-WSUR,2022,0
PI-WSUR,2023,0
PI-WSUR,2024,0
PI-WSUR,2025,1
BIEPS,2000,0
BIEPS,2001,0
BIEPS,2002,1
BIEPS,2003,0
BIEPS,2004,0
BIEPS,2005,0
BIEPS,2006,0
BIEPS,2007,0
BIEPS,2008,0
BIEPS,2009,0
BIEPS,2010,0
BIEPS,2011,0
BIEPS,2012,0
BIEPS,2013,0
BIEPS,2014,0
BIEPS,2015,0
BIEPS,2016,0
BIEPS,2017,0
BIEPS,2018,0
BIEPS,2019,0
BIEPS,2020,1
BIEPS,2021,0
BIEPS,2022,0
BIEPS,2023,0
BIEPS,2024,0
BIEPS,2025,2
BBC-SWB,2000,0
BBC-SWB,2001,0
BBC-SWB,2002,0
BBC-SWB,2003,0
BBC-SWB,2004,0
BBC-SWB,2005,0
BBC-SWB,2006,0
BBC-SWB,2007,0
BBC-SWB,2008,0
BBC-SWB,2009,0
BBC-SWB,2010,0
BBC-SWB,2011,0
BBC-SWB,2012,0
BBC-SWB,2013,1
BBC-SWB,2014,0
BBC-SWB,2015,0
BBC-SWB,2016,0
BBC-SWB,2017,0
BBC-SWB,2018,0
BBC-SWB,2019,0
BBC-SWB,2020,0
BBC-SWB,2021,0
BBC-SWB,2022,1
BBC-SWB,2023,1
BBC-SWB,2024,0
BBC-SWB,2025,0
ICECAP-A,2000,0
ICECAP-A,2001,0
ICECAP-A,2002,0
ICECAP-A,2003,0
ICECAP-A,2004,0
ICECAP-A,2005,0
ICECAP-A,2006,0
ICECAP-A,2007,0
ICECAP-A,2008,0
ICECAP-A,2009,0
ICECAP-A,2010,0
ICECAP-A,2011,1
ICECAP-A,2012,2
ICECAP-A,2013,3
ICECAP-A,2014,1
ICECAP-A,2015,5
ICECAP-A,2016,6
ICECAP-A,2017,9
ICECAP-A,2018,7
ICECAP-A,2019,5
ICECAP-A,2020,13
ICECAP-A,2021,18
ICECAP-A,2022,20
ICECAP-A,2023,7
ICECAP-A,2024,19
ICECAP-A,2025,29
SPWB,2000,0
SPWB,2001,1
SPWB,2002,0
SPWB,2003,0
SPWB,2004,0
SPWB,2005,0
SPWB,2006,0
SPWB,2007,0
SPWB,2008,2
SPWB,2009,1
SPWB,2010,4
SPWB,2011,2
SPWB,2012,0
SPWB,2013,1
SPWB,2014,2
SPWB,2015,1
SPWB,2016,0
SPWB,2017,5
SPWB,2018,3
SPWB,2019,2
SPWB,2020,9
SPWB,2021,7
SPWB,2022,2
SPWB,2023,5
SPWB,2024,5
SPWB,2025,7
MHC-LF,2000,0
MHC-LF,2001,0
MHC-LF,2002,0
MHC-LF,2003,0
MHC-LF,2004,0
MHC-LF,2005,0
MHC-LF,2006,0
MHC-LF,2007,0
MHC-LF,2008,0
MHC-LF,2009,0
MHC-LF,2010,0
MHC-LF,2011,0
MHC-LF,2012,0
MHC-LF,2013,0
MHC-LF,2014,0
MHC-LF,2015,0
MHC-LF,2016,0
MHC-LF,2017,0
MHC-LF,2018,0
MHC-LF,2019,0
MHC-LF,2020,0
MHC-LF,2021,0
MHC-LF,2022,0
MHC-LF,2023,0
MHC-LF,2024,0
MHC-LF,2025,0
Cantril-Ladder,2000,0
Cantril-Ladder,2001,0
Cantril-Ladder,2002,1
Cantril-Ladder,2003,2
Cantril-Ladder,2004,1
Cantril-Ladder,2005,3
Cantril-Ladder,2006,2
Cantril-Ladder,2007,3
Cantril-Ladder,2008,4
Cantril-Ladder,2009,2
Cantril-Ladder,2010,0
Cantril-Ladder,2011,1
Cantril-Ladder,2012,2
Cantril-Ladder,2013,2
Cantril-Ladder,2014,2
Cantril-Ladder,2015,5
Cantril-Ladder,2016,3
Cantril-Ladder,2017,2
Cantril-Ladder,2018,10
Cantril-Ladder,2019,5
Cantril-Ladder,2020,5
Cantril-Ladder,2021,8
Cantril-Ladder,2022,10
Cantril-Ladder,2023,15
Cantril-Ladder,2024,4
Cantril-Ladder,2025,15
FLCS,2000,5
FLCS,2001,5
FLCS,2002,6
FLCS,2003,4
FLCS,2004,6
FLCS,2005,9
FLCS,2006,20
FLCS,2007,10
FLCS,2008,14
FLCS,2009,19
FLCS,2010,28
FLCS,2011,23
FLCS,2012,32
FLCS,2013,24
FLCS,2014,26
FLCS,2015,33
FLCS,2016,36
FLCS,2017,35
FLCS,2018,39
FLCS,2019,54
FLCS,2020,46
FLCS,2021,65
FLCS,2022,72
FLCS,2023,50
FLCS,2024,51
FLCS,2025,67
PWB-S,2000,0
PWB-S,2001,0
PWB-S,2002,0
PWB-S,2003,0
PWB-S,2004,0
PWB-S,2005,0
PWB-S,2006,0
PWB-S,2007,0
PWB-S,2008,0
PWB-S,2009,0
PWB-S,2010,0
PWB-S,2011,0
PWB-S,2012,0
PWB-S,2013,0
PWB-S,2014,0
PWB-S,2015,0
PWB-S,2016,0
PWB-S,2017,0
PWB-S,2018,0
PWB-S,2019,0
PWB-S,2020,1
PWB-S,2021,0
PWB-S,2022,0
PWB-S,2023,0
PWB-S,2024,0
PWB-S,2025,0
